province;red;green;blue;x;x
1;90;108;74;x;x
2;148;81;96;x;x
3;165;60;98;x;x
4;132;90;90;x;x
5;91;9;88;x;x
6;112;28;86;x;x
7;84;137;106;x;x
8;144;105;92;x;x
9;96;84;114;x;x
10;124;104;82;x;x
11;65;85;56;x;x
12;114;80;84;x;x
13;92;78;98;x;x
14;66;133;104;x;x
15;157;143;61;x;x
16;53;117;101;x;x
17;138;52;56;x;x
18;102;88;52;x;x
19;151;52;74;x;x
20;54;84;96;x;x
21;117;104;92;x;x
22;142;108;92;x;x
23;175;91;84;x;x
24;130;54;103;x;x
25;92;37;117;x;x
26;126;93;126;x;x
27;100;76;121;x;x
28;160;143;88;x;x
29;66;124;60;x;x
30;88;76;98;x;x
31;66;93;90;x;x
32;136;146;94;x;x
33;76;74;86;x;x
34;175;149;91;x;x
35;94;74;90;x;x
36;160;52;90;x;x
37;166;78;100;x;x
38;96;142;82;x;x
39;103;148;58;x;x
40;74;172;104;x;x
41;149;76;86;x;x
42;138;168;89;x;x
43;58;174;98;x;x
44;145;154;60;x;x
45;58;140;59;x;x
46;56;108;91;x;x
47;84;98;52;x;x
48;68;114;96;x;x
49;56;150;92;x;x
50;78;66;79;x;x
51;125;124;62;x;x
52;92;87;66;x;x
53;111;126;103;x;x
54;159;52;58;x;x
55;160;159;56;x;x
56;79;86;83;x;x
57;90;102;107;x;x
58;125;113;70;x;x
59;82;164;90;x;x
60;151;62;64;x;x
61;132;152;103;x;x
62;106;77;111;x;x
63;77;63;54;x;x
64;178;178;178;x;x
65;54;132;52;x;x
66;139;134;55;x;x
67;111;72;58;x;x
68;104;135;81;x;x
69;139;127;106;x;x
70;50;103;60;x;x
71;57;78;90;x;x
72;70;66;70;x;x
73;56;170;66;x;x
74;174;73;98;x;x
75;120;56;98;x;x
76;93;66;86;x;x
77;143;96;97;x;x
78;86;68;68;x;x
79;54;154;68;x;x
80;140;112;92;x;x
81;70;145;106;x;x
82;128;94;90;x;x
83;101;161;70;x;x
84;57;136;96;x;x
85;123;102;65;x;x
86;67;110;52;x;x
87;64;82;60;x;x
88;155;133;58;x;x
89;83;65;102;x;x
90;90;80;101;x;x
91;120;105;68;x;x
92;160;86;100;x;x
93;142;73;78;x;x
94;174;144;92;x;x
95;96;116;58;x;x
96;164;160;93;x;x
97;146;62;70;x;x
98;52;170;96;x;x
99;158;118;89;x;x
100;74;126;98;x;x
101;72;56;52;x;x
102;129;87;103;x;x
103;55;85;62;x;x
104;90;90;52;x;x
105;92;66;81;x;x
106;62;68;101;x;x
107;134;150;76;x;x
108;88;103;63;x;x
109;80;100;101;x;x
110;162;64;88;x;x
111;172;98;68;x;x
112;98;60;77;x;x
113;137;125;74;x;x
114;126;56;84;x;x
115;80;110;86;x;x
116;106;98;61;x;x
117;94;142;97;x;x
118;10;100;97;x;x
119;166;72;92;x;x
120;81;4;111;x;x
121;77;87;52;x;x
122;64;97;64;x;x
123;165;135;68;x;x
124;172;134;88;x;x
125;110;66;70;x;x
126;134;89;80;x;x
127;104;85;80;x;x
128;91;155;60;x;x
129;110;116;90;x;x
130;91;76;98;x;x
131;50;175;84;x;x
132;84;92;80;x;x
133;164;110;95;x;x
134;52;176;75;x;x
135;162;142;96;x;x
136;120;144;78;x;x
137;142;144;74;x;x
138;144;136;57;x;x
139;54;174;80;x;x
140;140;140;66;x;x
141;146;70;70;x;x
142;130;170;84;x;x
143;20;44;84;x;x
144;129;104;57;x;x
145;113;118;83;x;x
146;164;96;86;x;x
147;127;94;63;x;x
148;154;60;66;x;x
149;122;82;104;x;x
150;153;174;95;x;x
151;134;147;80;x;x
152;146;108;76;x;x
153;65;138;64;x;x
154;160;152;54;x;x
155;82;156;90;x;x
156;84;132;68;x;x
157;66;124;90;x;x
158;150;112;78;x;x
159;15;80;112;x;x
160;53;53;90;x;x
161;56;167;76;x;x
162;153;70;68;x;x
163;66;80;67;x;x
164;114;125;100;x;x
165;82;78;65;x;x
166;115;166;52;x;x
167;126;112;96;x;x
168;71;154;101;x;x
169;52;133;107;x;x
170;89;140;84;x;x
171;107;12;72;x;x
172;136;84;95;x;x
173;163;67;80;x;x
174;132;172;74;x;x
175;120;70;78;x;x
176;140;59;53;x;x
177;50;126;66;x;x
178;128;64;58;x;x
179;118;118;82;x;x
180;142;171;58;x;x
181;140;154;103;x;x
182;74;146;62;x;x
183;158;68;62;x;x
184;162;90;82;x;x
185;142;114;80;x;x
186;152;175;85;x;x
187;56;134;106;x;x
188;146;126;60;x;x
189;156;130;84;x;x
190;76;64;76;x;x
191;87;166;72;x;x
192;90;164;72;x;x
193;150;129;80;x;x
194;130;152;93;x;x
195;52;71;105;x;x
196;103;158;101;x;x
197;98;127;52;x;x
198;96;138;68;x;x
199;82;80;70;x;x
200;138;98;81;x;x
201;129;138;58;x;x
202;112;143;82;x;x
203;109;75;83;x;x
204;58;106;104;x;x
205;58;52;102;x;x
206;88;70;78;x;x
207;86;67;94;x;x
208;74;176;62;x;x
209;170;165;70;x;x
210;117;148;56;x;x
211;104;172;55;x;x
212;84;127;103;x;x
213;109;146;88;x;x
214;169;150;80;x;x
215;132;128;58;x;x
216;171;52;70;x;x
217;108;158;70;x;x
218;86;63;98;x;x
219;136;102;81;x;x
220;24;52;82;x;x
221;86;120;56;x;x
222;103;64;76;x;x
223;162;132;102;x;x
224;148;92;88;x;x
225;88;166;59;x;x
226;134;50;71;x;x
227;52;118;92;x;x
228;149;124;106;x;x
229;144;102;102;x;x
230;170;76;81;x;x
231;89;131;69;x;x
232;156;67;94;x;x
233;62;150;91;x;x
234;138;112;101;x;x
235;97;84;62;x;x
236;161;134;62;x;x
237;144;154;57;x;x
238;88;64;90;x;x
239;150;53;87;x;x
240;174;144;59;x;x
241;166;81;90;x;x
242;175;72;64;x;x
243;100;156;85;x;x
244;88;85;106;x;x
245;98;162;105;x;x
246;120;62;58;x;x
247;66;165;64;x;x
248;109;76;82;x;x
249;72;106;99;x;x
250;151;75;102;x;x
251;136;118;64;x;x
252;120;108;77;x;x
253;80;147;52;x;x
254;90;91;76;x;x
255;140;66;52;x;x
256;146;78;82;x;x
257;85;76;95;x;x
258;51;60;72;x;x
259;87;156;104;x;x
260;160;142;68;x;x
261;86;134;86;x;x
262;52;90;60;x;x
263;134;132;69;x;x
264;89;144;74;x;x
265;134;121;90;x;x
266;132;147;99;x;x
267;172;86;70;x;x
268;80;89;54;x;x
269;161;114;60;x;x
270;88;52;97;x;x
271;88;110;56;x;x
272;60;129;93;x;x
273;112;109;58;x;x
274;108;158;82;x;x
275;76;126;92;x;x
276;82;122;102;x;x
277;81;144;83;x;x
278;67;166;68;x;x
279;102;95;100;x;x
280;52;155;91;x;x
281;126;112;90;x;x
282;148;143;61;x;x
283;132;142;70;x;x
284;75;115;98;x;x
285;98;80;64;x;x
286;85;78;60;x;x
287;78;60;96;x;x
288;104;101;79;x;x
289;118;120;80;x;x
290;104;105;91;x;x
291;155;105;66;x;x
292;95;165;85;x;x
293;166;121;90;x;x
294;166;144;106;x;x
295;166;122;66;x;x
296;166;176;57;x;x
297;110;104;69;x;x
298;88;112;104;x;x
299;80;52;50;x;x
300;94;160;66;x;x
301;90;100;86;x;x
302;154;154;98;x;x
303;143;56;66;x;x
304;143;128;51;x;x
305;110;131;91;x;x
306;56;64;64;x;x
307;158;114;88;x;x
308;114;134;104;x;x
309;98;82;105;x;x
310;87;120;76;x;x
311;66;54;78;x;x
312;152;153;58;x;x
313;74;94;58;x;x
314;106;122;59;x;x
315;110;84;54;x;x
316;132;85;80;x;x
317;112;58;59;x;x
318;157;118;82;x;x
319;156;118;54;x;x
320;84;68;64;x;x
321;162;170;92;x;x
322;132;115;106;x;x
323;61;83;66;x;x
324;107;130;74;x;x
325;70;64;74;x;x
326;158;110;77;x;x
327;125;135;86;x;x
328;114;153;56;x;x
329;128;114;59;x;x
330;164;102;56;x;x
331;94;52;77;x;x
332;52;122;98;x;x
333;72;114;78;x;x
334;113;156;72;x;x
335;38;43;114;x;x
336;101;160;106;x;x
337;76;133;66;x;x
338;145;124;73;x;x
339;84;95;56;x;x
340;77;158;86;x;x
341;149;62;74;x;x
342;82;104;68;x;x
343;79;58;72;x;x
344;64;78;83;x;x
345;98;126;79;x;x
346;56;152;84;x;x
347;52;164;106;x;x
348;128;166;103;x;x
349;70;135;55;x;x
350;158;136;84;x;x
351;152;120;58;x;x
352;86;70;96;x;x
353;116;66;70;x;x
354;104;146;72;x;x
355;79;118;82;x;x
356;60;90;100;x;x
357;56;68;106;x;x
358;168;168;52;x;x
359;86;174;82;x;x
360;100;144;101;x;x
361;139;66;84;x;x
362;113;58;56;x;x
363;60;58;89;x;x
364;154;120;53;x;x
365;54;86;75;x;x
366;58;64;80;x;x
367;134;134;87;x;x
368;174;130;86;x;x
369;104;89;78;x;x
370;53;82;97;x;x
371;78;54;75;x;x
372;152;176;78;x;x
373;74;54;82;x;x
374;101;147;71;x;x
375;145;169;84;x;x
376;140;113;52;x;x
377;112;92;99;x;x
378;84;96;76;x;x
379;77;82;104;x;x
380;66;162;80;x;x
381;73;68;100;x;x
382;166;63;94;x;x
383;92;84;69;x;x
384;78;117;104;x;x
385;152;67;100;x;x
386;156;140;101;x;x
387;157;56;58;x;x
388;136;96;78;x;x
389;91;132;86;x;x
390;124;94;71;x;x
391;129;104;100;x;x
392;96;161;64;x;x
393;140;92;53;x;x
394;114;154;102;x;x
395;77;121;56;x;x
396;162;77;59;x;x
397;67;126;52;x;x
398;156;172;51;x;x
399;124;122;65;x;x
400;152;58;101;x;x
401;148;74;90;x;x
402;97;163;77;x;x
403;136;120;70;x;x
404;76;156;90;x;x
405;114;166;98;x;x
406;166;78;80;x;x
407;116;118;96;x;x
408;151;174;73;x;x
409;117;50;93;x;x
410;88;162;92;x;x
411;130;162;74;x;x
412;166;50;96;x;x
413;63;114;54;x;x
414;130;151;72;x;x
415;150;92;79;x;x
416;150;135;90;x;x
417;174;74;53;x;x
418;96;116;98;x;x
419;173;102;52;x;x
420;112;134;107;x;x
421;138;136;64;x;x
422;30;10;119;x;x
423;165;68;94;x;x
424;97;54;72;x;x
425;138;140;68;x;x
426;136;66;66;x;x
427;160;110;80;x;x
428;113;94;79;x;x
429;128;59;102;x;x
430;54;60;62;x;x
431;128;156;55;x;x
432;96;102;100;x;x
433;144;61;84;x;x
434;116;73;80;x;x
435;105;74;56;x;x
436;93;104;78;x;x
437;165;166;62;x;x
438;61;69;84;x;x
439;164;126;72;x;x
440;162;108;102;x;x
441;130;91;90;x;x
442;88;98;94;x;x
443;51;132;71;x;x
444;53;114;74;x;x
445;32;96;92;x;x
446;120;124;50;x;x
447;72;62;104;x;x
448;75;120;78;x;x
449;160;139;98;x;x
450;68;160;100;x;x
451;111;165;84;x;x
452;66;54;80;x;x
453;70;144;99;x;x
454;122;140;65;x;x
455;154;83;89;x;x
456;140;174;92;x;x
457;64;90;54;x;x
458;121;114;98;x;x
459;100;64;56;x;x
460;154;134;50;x;x
461;70;108;105;x;x
462;84;144;86;x;x
463;134;64;67;x;x
464;130;85;73;x;x
465;110;110;72;x;x
466;130;144;62;x;x
467;142;130;90;x;x
468;94;109;98;x;x
469;82;94;66;x;x
470;120;140;88;x;x
471;86;148;79;x;x
472;153;110;84;x;x
473;60;70;106;x;x
474;106;120;94;x;x
475;140;127;90;x;x
476;108;66;72;x;x
477;150;168;81;x;x
478;170;173;87;x;x
479;144;158;80;x;x
480;63;128;82;x;x
481;136;127;107;x;x
482;127;117;90;x;x
483;57;93;108;x;x
484;169;82;106;x;x
485;139;160;72;x;x
486;141;74;93;x;x
487;146;156;66;x;x
488;63;76;101;x;x
489;152;110;77;x;x
490;96;144;98;x;x
491;125;65;110;x;x
492;171;62;104;x;x
493;85;76;85;x;x
494;160;102;80;x;x
495;83;90;106;x;x
496;106;104;106;x;x
497;80;68;52;x;x
498;72;125;68;x;x
499;142;71;90;x;x
500;89;76;99;x;x
501;154;136;57;x;x
502;68;107;72;x;x
503;148;142;79;x;x
504;104;76;64;x;x
505;54;104;54;x;x
506;122;76;62;x;x
507;104;130;74;x;x
508;82;85;107;x;x
509;64;120;63;x;x
510;116;50;71;x;x
511;126;151;87;x;x
512;151;150;63;x;x
513;92;100;104;x;x
514;54;162;61;x;x
515;108;149;106;x;x
516;96;144;52;x;x
517;60;94;91;x;x
518;138;110;103;x;x
519;67;162;90;x;x
520;143;146;58;x;x
521;104;106;90;x;x
522;107;58;105;x;x
523;84;80;107;x;x
524;71;110;68;x;x
525;174;88;94;x;x
526;94;131;88;x;x
527;150;120;70;x;x
528;118;174;104;x;x
529;134;170;86;x;x
530;104;52;56;x;x
531;75;131;53;x;x
532;137;84;100;x;x
533;74;113;58;x;x
534;115;54;64;x;x
535;64;162;103;x;x
536;62;166;60;x;x
537;164;169;70;x;x
538;140;100;64;x;x
539;66;148;80;x;x
540;176;133;64;x;x
541;108;80;102;x;x
542;57;172;84;x;x
543;151;146;74;x;x
544;174;167;87;x;x
545;167;120;68;x;x
546;86;155;94;x;x
547;96;71;76;x;x
548;144;92;79;x;x
549;101;174;80;x;x
550;77;126;98;x;x
551;164;126;54;x;x
552;147;66;80;x;x
553;64;104;69;x;x
554;152;100;93;x;x
555;142;58;59;x;x
556;76;170;88;x;x
557;150;126;106;x;x
558;63;84;74;x;x
559;166;139;82;x;x
560;73;146;70;x;x
561;66;58;98;x;x
562;168;57;54;x;x
563;115;11;110;x;x
564;170;136;106;x;x
565;170;134;75;x;x
566;53;106;107;x;x
567;88;174;106;x;x
568;59;76;78;x;x
569;154;84;100;x;x
570;153;85;54;x;x
571;164;121;88;x;x
572;100;98;62;x;x
573;144;150;78;x;x
574;167;165;72;x;x
575;114;60;88;x;x
576;84;174;87;x;x
577;121;168;100;x;x
578;148;88;80;x;x
579;86;119;56;x;x
580;126;86;82;x;x
581;108;116;84;x;x
582;170;68;67;x;x
583;124;54;68;x;x
584;176;80;96;x;x
585;172;125;104;x;x
586;159;122;63;x;x
587;87;56;80;x;x
588;125;174;106;x;x
589;60;72;58;x;x
590;152;88;81;x;x
591;62;111;57;x;x
592;120;107;62;x;x
593;148;172;51;x;x
594;156;168;89;x;x
595;58;78;76;x;x
596;87;115;90;x;x
597;105;160;86;x;x
598;140;116;94;x;x
599;142;56;104;x;x
600;172;170;64;x;x
601;66;170;74;x;x
602;175;118;104;x;x
603;116;154;92;x;x
604;146;113;57;x;x
605;66;94;91;x;x
606;70;162;90;x;x
607;55;84;96;x;x
608;160;163;62;x;x
609;126;114;106;x;x
610;58;62;58;x;x
611;43;50;114;x;x
612;80;152;107;x;x
613;50;55;108;x;x
614;112;132;60;x;x
615;84;110;84;x;x
616;160;148;101;x;x
617;94;162;92;x;x
618;72;76;87;x;x
619;173;152;58;x;x
620;70;106;77;x;x
621;112;133;74;x;x
622;81;102;62;x;x
623;105;84;56;x;x
624;120;150;100;x;x
625;116;100;52;x;x
626;148;140;99;x;x
627;98;35;115;x;x
628;84;80;60;x;x
629;96;116;56;x;x
630;102;136;52;x;x
631;76;150;80;x;x
632;134;140;78;x;x
633;81;80;56;x;x
634;92;128;72;x;x
635;158;112;52;x;x
636;144;73;82;x;x
637;94;123;104;x;x
638;172;68;74;x;x
639;153;70;82;x;x
640;158;152;54;x;x
641;163;86;86;x;x
642;88;174;88;x;x
643;134;64;57;x;x
644;84;82;92;x;x
645;128;52;96;x;x
646;80;126;60;x;x
647;66;164;104;x;x
648;138;109;60;x;x
649;112;98;90;x;x
650;106;172;82;x;x
651;106;166;94;x;x
652;54;58;94;x;x
653;70;55;52;x;x
654;136;66;80;x;x
655;152;116;52;x;x
656;162;155;98;x;x
657;63;146;104;x;x
658;140;164;66;x;x
659;128;108;61;x;x
660;67;84;56;x;x
661;134;74;74;x;x
662;154;98;87;x;x
663;130;166;99;x;x
664;55;102;74;x;x
665;74;157;82;x;x
666;170;54;96;x;x
667;148;62;92;x;x
668;108;144;64;x;x
669;61;138;102;x;x
670;166;134;80;x;x
671;14;98;80;x;x
672;154;97;102;x;x
673;154;154;64;x;x
674;102;72;64;x;x
675;59;81;61;x;x
676;160;110;76;x;x
677;72;54;106;x;x
678;115;175;80;x;x
679;96;88;70;x;x
680;74;108;52;x;x
681;162;152;94;x;x
682;114;176;89;x;x
683;66;86;56;x;x
684;159;118;86;x;x
685;100;158;94;x;x
686;61;90;75;x;x
687;112;88;82;x;x
688;144;129;54;x;x
689;84;52;92;x;x
690;156;110;62;x;x
691;124;76;64;x;x
692;51;111;53;x;x
693;176;90;70;x;x
694;57;116;103;x;x
695;88;56;77;x;x
696;156;161;88;x;x
697;156;124;79;x;x
698;136;74;88;x;x
699;123;154;72;x;x
700;144;102;61;x;x
701;72;70;102;x;x
702;58;36;120;x;x
703;77;127;91;x;x
704;64;113;56;x;x
705;95;166;68;x;x
706;167;50;62;x;x
707;108;60;51;x;x
708;167;162;66;x;x
709;142;66;102;x;x
710;68;103;82;x;x
711;81;95;78;x;x
712;116;76;62;x;x
713;94;156;83;x;x
714;83;127;85;x;x
715;142;132;90;x;x
716;110;174;82;x;x
717;52;80;86;x;x
718;25;96;106;x;x
719;88;152;67;x;x
720;167;164;98;x;x
721;70;58;95;x;x
722;88;66;56;x;x
723;102;98;62;x;x
724;152;71;107;x;x
725;160;172;94;x;x
726;164;88;78;x;x
727;124;115;79;x;x
728;131;173;88;x;x
729;136;151;61;x;x
730;154;94;50;x;x
731;152;59;106;x;x
732;26;62;72;x;x
733;160;132;72;x;x
734;106;134;50;x;x
735;122;114;71;x;x
736;142;143;52;x;x
737;133;52;100;x;x
738;106;172;66;x;x
739;94;122;64;x;x
740;71;54;66;x;x
741;100;74;96;x;x
742;166;72;64;x;x
743;80;76;62;x;x
744;88;142;60;x;x
745;134;58;78;x;x
746;91;55;78;x;x
747;176;152;87;x;x
748;132;94;52;x;x
749;115;52;54;x;x
750;121;67;78;x;x
751;150;120;62;x;x
752;126;158;88;x;x
753;109;61;58;x;x
754;80;156;63;x;x
755;154;74;92;x;x
756;140;122;66;x;x
757;56;56;84;x;x
758;118;138;78;x;x
759;56;115;57;x;x
760;151;60;106;x;x
761;150;74;96;x;x
762;104;86;91;x;x
763;82;102;82;x;x
764;170;106;80;x;x
765;139;79;52;x;x
766;100;146;56;x;x
767;67;85;96;x;x
768;84;148;75;x;x
769;55;156;58;x;x
770;120;126;102;x;x
771;56;28;112;x;x
772;146;116;104;x;x
773;88;171;54;x;x
774;83;172;60;x;x
775;107;137;108;x;x
776;159;122;56;x;x
777;170;55;68;x;x
778;94;119;91;x;x
779;131;170;98;x;x
780;99;142;76;x;x
781;166;121;74;x;x
782;163;174;61;x;x
783;78;106;56;x;x
784;102;120;52;x;x
785;99;63;96;x;x
786;85;93;90;x;x
787;168;122;105;x;x
788;56;86;68;x;x
789;164;76;80;x;x
790;109;125;68;x;x
791;86;98;98;x;x
792;84;146;86;x;x
793;151;112;90;x;x
794;172;153;95;x;x
795;130;64;74;x;x
796;172;62;68;x;x
797;124;114;94;x;x
798;166;134;77;x;x
799;96;74;66;x;x
800;142;74;94;x;x
801;110;114;82;x;x
802;176;126;106;x;x
803;102;152;106;x;x
804;108;80;98;x;x
805;88;162;102;x;x
806;166;142;53;x;x
807;59;92;58;x;x
808;169;166;72;x;x
809;158;83;60;x;x
810;110;54;77;x;x
811;66;96;50;x;x
812;98;172;100;x;x
813;158;104;93;x;x
814;104;95;52;x;x
815;125;86;98;x;x
816;160;138;82;x;x
817;160;110;59;x;x
818;50;118;88;x;x
819;150;53;70;x;x
820;173;56;98;x;x
821;107;132;78;x;x
822;116;89;102;x;x
823;168;123;81;x;x
824;72;172;62;x;x
825;86;62;106;x;x
826;66;134;60;x;x
827;92;85;89;x;x
828;70;116;72;x;x
829;116;131;72;x;x
830;68;97;66;x;x
831;66;137;70;x;x
832;128;62;72;x;x
833;161;52;91;x;x
834;55;82;89;x;x
835;142;138;58;x;x
836;167;112;86;x;x
837;68;163;97;x;x
838;140;130;52;x;x
839;18;68;82;x;x
840;63;122;60;x;x
841;162;110;106;x;x
842;64;122;93;x;x
843;174;159;80;x;x
844;94;84;82;x;x
845;88;135;79;x;x
846;139;138;58;x;x
847;164;72;54;x;x
848;82;84;104;x;x
849;145;104;73;x;x
850;50;148;101;x;x
851;162;144;56;x;x
852;94;172;80;x;x
853;150;116;52;x;x
854;61;98;86;x;x
855;59;166;85;x;x
856;131;72;94;x;x
857;138;81;80;x;x
858;118;134;87;x;x
859;122;14;122;x;x
860;166;125;63;x;x
861;52;82;78;x;x
862;97;148;61;x;x
863;50;56;62;x;x
864;68;160;50;x;x
865;78;103;86;x;x
866;101;176;62;x;x
867;126;144;56;x;x
868;72;108;72;x;x
869;58;72;96;x;x
870;75;117;76;x;x
871;117;130;62;x;x
872;136;176;94;x;x
873;92;139;81;x;x
874;106;54;93;x;x
875;176;142;94;x;x
876;117;163;106;x;x
877;131;94;82;x;x
878;126;58;107;x;x
879;163;78;85;x;x
880;68;148;64;x;x
881;113;80;68;x;x
882;122;63;80;x;x
883;75;138;83;x;x
884;76;159;99;x;x
885;166;78;67;x;x
886;92;132;58;x;x
887;150;67;60;x;x
888;146;124;105;x;x
889;59;119;80;x;x
890;136;100;64;x;x
891;60;152;82;x;x
892;103;59;100;x;x
893;72;84;88;x;x
894;114;142;62;x;x
895;83;171;51;x;x
896;120;127;88;x;x
897;136;142;88;x;x
898;110;126;58;x;x
899;132;137;94;x;x
900;78;142;64;x;x
901;86;58;72;x;x
902;148;81;100;x;x
903;104;115;70;x;x
904;92;162;68;x;x
905;94;87;86;x;x
906;132;66;86;x;x
907;90;58;70;x;x
908;170;82;67;x;x
909;22;100;119;x;x
910;62;96;81;x;x
911;165;168;63;x;x
912;64;52;53;x;x
913;62;148;64;x;x
914;104;130;102;x;x
915;90;110;102;x;x
916;168;155;62;x;x
917;130;130;100;x;x
918;159;76;72;x;x
919;154;146;82;x;x
920;60;143;58;x;x
921;128;80;72;x;x
922;110;174;66;x;x
923;84;104;92;x;x
924;64;104;54;x;x
925;111;158;88;x;x
926;88;170;104;x;x
927;76;143;91;x;x
928;94;88;54;x;x
929;57;75;72;x;x
930;138;100;88;x;x
931;99;90;62;x;x
932;116;114;69;x;x
933;105;88;70;x;x
934;78;82;51;x;x
935;154;122;86;x;x
936;84;133;73;x;x
937;95;94;70;x;x
938;75;60;90;x;x
939;102;173;72;x;x
940;174;131;65;x;x
941;148;76;91;x;x
942;62;88;76;x;x
943;62;157;106;x;x
944;114;97;72;x;x
945;160;98;89;x;x
946;162;86;71;x;x
947;124;83;82;x;x
948;96;151;71;x;x
949;122;72;89;x;x
950;37;120;106;x;x
951;120;105;88;x;x
952;110;135;74;x;x
953;154;63;57;x;x
954;173;90;60;x;x
955;52;61;94;x;x
956;82;82;72;x;x
957;138;58;61;x;x
958;112;121;108;x;x
959;157;120;75;x;x
960;136;170;64;x;x
961;114;60;71;x;x
962;142;153;58;x;x
963;65;112;55;x;x
964;110;134;103;x;x
965;166;118;99;x;x
966;96;132;98;x;x
967;131;150;93;x;x
968;165;153;74;x;x
969;168;170;59;x;x
970;99;152;88;x;x
971;148;148;84;x;x
972;108;123;90;x;x
973;112;62;74;x;x
974;41;106;116;x;x
975;54;146;100;x;x
976;122;135;104;x;x
977;147;115;100;x;x
978;8;60;120;x;x
979;83;61;74;x;x
980;142;100;106;x;x
981;127;160;56;x;x
982;58;60;93;x;x
983;86;104;58;x;x
984;152;132;51;x;x
985;169;162;57;x;x
986;134;130;100;x;x
987;121;57;124;x;x
988;116;90;94;x;x
989;112;174;87;x;x
990;51;150;58;x;x
991;168;100;56;x;x
992;144;96;56;x;x
993;61;144;64;x;x
994;140;127;69;x;x
995;168;110;60;x;x
996;110;75;82;x;x
997;97;171;82;x;x
998;145;60;71;x;x
999;152;129;62;x;x
1000;65;136;50;x;x
1001;143;128;55;x;x
1002;60;53;95;x;x
1003;54;156;94;x;x
1004;51;91;56;x;x
1005;133;108;96;x;x
1006;119;108;100;x;x
1007;96;63;78;x;x
1008;16;24;87;x;x
1009;171;50;98;x;x
1010;146;64;97;x;x
1011;80;160;53;x;x
1012;160;58;88;x;x
1013;103;132;83;x;x
1014;175;114;60;x;x
1015;171;142;105;x;x
1016;116;119;78;x;x
1017;102;82;102;x;x
1018;67;149;51;x;x
1019;84;143;105;x;x
1020;130;71;56;x;x
1021;70;166;79;x;x
1022;98;106;80;x;x
1023;116;126;67;x;x
1024;122;78;74;x;x
1025;122;68;98;x;x
1026;151;86;102;x;x
1027;134;122;68;x;x
1028;166;148;90;x;x
1029;130;130;52;x;x
1030;68;89;96;x;x
1031;172;107;68;x;x
1032;99;89;62;x;x
1033;56;142;78;x;x
1034;57;144;58;x;x
1035;78;58;66;x;x
1036;52;156;82;x;x
1037;158;130;105;x;x
1038;138;152;58;x;x
1039;132;159;63;x;x
1040;54;64;58;x;x
1041;78;153;56;x;x
1042;139;128;86;x;x
1043;168;138;94;x;x
1044;141;63;88;x;x
1045;57;116;72;x;x
1046;142;148;69;x;x
1047;67;88;101;x;x
1048;136;174;64;x;x
1049;74;125;78;x;x
1050;124;176;54;x;x
1051;116;47;74;x;x
1052;90;70;71;x;x
1053;75;84;82;x;x
1054;144;110;79;x;x
1055;52;114;103;x;x
1056;132;158;96;x;x
1057;137;162;96;x;x
1058;140;160;70;x;x
1059;170;64;80;x;x
1060;80;83;96;x;x
1061;100;70;87;x;x
1062;127;125;70;x;x
1063;116;130;71;x;x
1064;132;126;92;x;x
1065;164;100;69;x;x
1066;142;163;107;x;x
1067;71;82;74;x;x
1068;138;98;66;x;x
1069;61;166;59;x;x
1070;99;90;83;x;x
1071;76;120;108;x;x
1072;13;112;116;x;x
1073;159;112;96;x;x
1074;84;110;117;x;x
1075;161;56;66;x;x
1076;62;110;68;x;x
1077;50;169;64;x;x
1078;133;142;104;x;x
1079;62;158;62;x;x
1080;103;51;94;x;x
1081;160;134;67;x;x
1082;109;159;64;x;x
1083;99;62;74;x;x
1084;121;90;104;x;x
1085;116;132;74;x;x
1086;75;106;55;x;x
1087;115;149;66;x;x
1088;76;66;66;x;x
1089;159;87;52;x;x
1090;166;94;87;x;x
1091;114;78;90;x;x
1092;76;170;59;x;x
1093;128;137;51;x;x
1094;70;114;74;x;x
1095;133;115;76;x;x
1096;88;116;95;x;x
1097;106;156;100;x;x
1098;65;70;64;x;x
1099;170;160;107;x;x
1100;140;138;106;x;x
1101;99;48;121;x;x
1102;128;120;77;x;x
1103;116;110;58;x;x
1104;75;125;65;x;x
1105;144;88;75;x;x
1106;150;72;51;x;x
1107;86;71;115;x;x
1108;57;78;68;x;x
1109;122;118;53;x;x
1110;60;158;80;x;x
1111;156;122;61;x;x
1112;9;6;98;x;x
1113;60;136;90;x;x
1114;116;90;92;x;x
1115;32;124;118;x;x
1116;158;100;52;x;x
1117;92;118;108;x;x
1118;96;56;92;x;x
1119;140;54;87;x;x
1120;174;64;75;x;x
1121;148;162;96;x;x
1122;122;156;82;x;x
1123;162;129;97;x;x
1124;126;164;66;x;x
1125;122;80;51;x;x
1126;50;64;98;x;x
1127;69;133;76;x;x
1128;120;108;86;x;x
1129;130;166;106;x;x
1130;65;91;88;x;x
1131;128;174;82;x;x
1132;159;116;60;x;x
1133;102;107;64;x;x
1134;51;118;72;x;x
1135;94;92;90;x;x
1136;168;52;64;x;x
1137;72;84;65;x;x
1138;112;162;106;x;x
1139;170;166;100;x;x
1140;142;106;68;x;x
1141;114;160;88;x;x
1142;51;138;62;x;x
1143;114;162;62;x;x
1144;146;100;70;x;x
1145;60;171;106;x;x
1146;175;120;100;x;x
1147;121;92;94;x;x
1148;176;100;98;x;x
1149;120;152;97;x;x
1150;122;113;100;x;x
1151;158;167;64;x;x
1152;82;136;104;x;x
1153;72;104;78;x;x
1154;151;170;58;x;x
1155;148;94;78;x;x
1156;64;147;92;x;x
1157;70;78;76;x;x
1158;96;89;94;x;x
1159;170;144;106;x;x
1160;129;122;50;x;x
1161;68;142;83;x;x
1162;9;74;119;x;x
1163;66;171;96;x;x
1164;59;112;102;x;x
1165;53;78;68;x;x
1166;86;98;60;x;x
1167;132;80;102;x;x
1168;138;138;104;x;x
1169;85;82;107;x;x
1170;150;148;102;x;x
1171;105;51;86;x;x
1172;132;168;72;x;x
1173;105;102;74;x;x
1174;138;88;81;x;x
1175;109;93;90;x;x
1176;94;58;84;x;x
1177;18;124;104;x;x
1178;127;170;106;x;x
1179;163;174;106;x;x
1180;129;112;92;x;x
1181;105;92;74;x;x
1182;104;121;114;x;x
1183;120;114;100;x;x
1184;78;133;88;x;x
1185;160;99;82;x;x
1186;159;67;59;x;x
1187;104;69;76;x;x
1188;70;134;76;x;x
1189;120;168;56;x;x
1190;130;76;94;x;x
1191;170;88;70;x;x
1192;139;130;82;x;x
1193;6;106;84;x;x
1194;158;114;104;x;x
1195;127;164;52;x;x
1196;76;84;71;x;x
1197;136;126;75;x;x
1198;118;128;102;x;x
1199;58;78;105;x;x
1200;96;133;100;x;x
1201;62;85;96;x;x
1202;132;130;72;x;x
1203;58;40;108;x;x
1204;64;100;74;x;x
1205;176;146;74;x;x
1206;72;54;62;x;x
1207;66;168;85;x;x
1208;122;152;61;x;x
1209;116;77;104;x;x
1210;84;122;74;x;x
1211;174;121;80;x;x
1212;84;134;66;x;x
1213;63;87;89;x;x
1214;120;56;64;x;x
1215;112;134;65;x;x
1216;70;146;106;x;x
1217;156;82;68;x;x
1218;130;112;89;x;x
1219;154;129;87;x;x
1220;128;86;90;x;x
1221;27;76;91;x;x
1222;79;121;64;x;x
1223;137;78;101;x;x
1224;146;148;92;x;x
1225;50;118;78;x;x
1226;107;166;100;x;x
1227;135;127;74;x;x
1228;74;54;94;x;x
1229;52;116;74;x;x
1230;55;122;55;x;x
1231;70;119;89;x;x
1232;119;156;90;x;x
1233;69;34;94;x;x
1234;132;142;66;x;x
1235;98;84;96;x;x
1236;166;172;58;x;x
1237;108;74;100;x;x
1238;174;124;68;x;x
1239;79;136;79;x;x
1240;174;126;100;x;x
1241;132;111;74;x;x
1242;176;174;90;x;x
1243;174;132;52;x;x
1244;117;81;54;x;x
1245;102;166;100;x;x
1246;93;166;76;x;x
1247;109;101;65;x;x
1248;95;132;100;x;x
1249;129;161;58;x;x
1250;51;76;69;x;x
1251;92;14;114;x;x
1252;152;74;104;x;x
1253;116;63;102;x;x
1254;52;94;102;x;x
1255;80;137;63;x;x
1256;32;80;86;x;x
1257;122;6;92;x;x
1258;94;174;93;x;x
1259;122;114;94;x;x
1260;126;154;74;x;x
1261;98;74;64;x;x
1262;158;134;57;x;x
1263;152;92;94;x;x
1264;137;73;65;x;x
1265;100;106;107;x;x
1266;52;76;67;x;x
1267;122;85;88;x;x
1268;111;98;104;x;x
1269;111;104;94;x;x
1270;76;146;80;x;x
1271;130;130;88;x;x
1272;162;106;64;x;x
1273;56;159;106;x;x
1274;136;91;90;x;x
1275;72;110;102;x;x
1276;156;138;103;x;x
1277;56;120;62;x;x
1278;64;57;66;x;x
1279;52;138;78;x;x
1280;88;104;75;x;x
1281;52;126;58;x;x
1282;72;94;59;x;x
1283;159;172;86;x;x
1284;10;62;90;x;x
1285;116;49;100;x;x
1286;74;96;81;x;x
1287;54;68;72;x;x
1288;52;12;125;x;x
1289;164;135;71;x;x
1290;130;170;82;x;x
1291;16;112;108;x;x
1292;72;110;75;x;x
1293;112;173;53;x;x
1294;12;7;91;x;x
1295;135;106;62;x;x
1296;165;137;86;x;x
1297;54;100;95;x;x
1298;58;92;68;x;x
1299;116;76;60;x;x
1300;89;160;88;x;x
1301;104;150;94;x;x
1302;84;144;54;x;x
1303;112;93;106;x;x
1304;175;144;104;x;x
1305;51;54;117;x;x
1306;138;122;62;x;x
1307;98;26;108;x;x
1308;105;70;76;x;x
1309;10;78;110;x;x
1310;68;84;89;x;x
1311;122;122;84;x;x
1312;94;76;74;x;x
1313;96;94;71;x;x
1314;169;153;86;x;x
1315;42;4;96;x;x
1316;80;144;94;x;x
1317;169;166;97;x;x
1318;26;124;108;x;x
1319;90;92;68;x;x
1320;63;161;92;x;x
1321;45;109;78;x;x
1322;139;64;82;x;x
1323;86;150;82;x;x
1324;74;138;68;x;x
1325;74;70;104;x;x
1326;72;82;92;x;x
1327;6;50;90;x;x
1328;8;81;86;x;x
1329;80;97;88;x;x
1330;156;110;71;x;x
1331;148;90;69;x;x
1332;119;131;93;x;x
1333;62;168;101;x;x
1334;84;148;79;x;x
1335;170;93;90;x;x
1336;32;84;82;x;x
1337;50;140;75;x;x
1338;172;82;50;x;x
1339;14;7;84;x;x
1340;56;105;81;x;x
1341;104;64;100;x;x
1342;136;63;75;x;x
1343;56;122;107;x;x
1344;138;116;104;x;x
1345;154;60;81;x;x
1346;52;106;51;x;x
1347;57;158;102;x;x
1348;92;127;80;x;x
1349;100;123;94;x;x
1350;164;96;79;x;x
1351;103;98;88;x;x
1352;131;52;62;x;x
1353;156;119;82;x;x
1354;93;58;58;x;x
1355;140;56;52;x;x
1356;148;158;58;x;x
1357;84;120;74;x;x
1358;125;78;56;x;x
1359;84;133;70;x;x
1360;86;133;71;x;x
1361;156;122;89;x;x
1362;116;172;94;x;x
1363;131;162;82;x;x
1364;160;134;94;x;x
1365;126;100;80;x;x
1366;86;154;105;x;x
1367;85;62;96;x;x
1368;142;152;91;x;x
1369;81;79;72;x;x
1370;152;104;102;x;x
1371;51;90;74;x;x
1372;101;166;72;x;x
1373;176;174;70;x;x
1374;60;166;53;x;x
1375;146;166;52;x;x
1376;154;141;52;x;x
1377;159;75;92;x;x
1378;170;79;73;x;x
1379;174;102;54;x;x
1380;54;59;80;x;x
1381;88;111;78;x;x
1382;154;111;80;x;x
1383;90;74;106;x;x
1384;155;72;90;x;x
1385;75;80;59;x;x
1386;172;73;54;x;x
1387;153;74;97;x;x
1388;111;68;71;x;x
1389;46;125;94;x;x
1390;140;90;84;x;x
1391;158;172;90;x;x
1392;82;128;102;x;x
1393;126;110;99;x;x
1394;79;56;74;x;x
1395;66;130;102;x;x
1396;62;155;58;x;x
1397;172;74;86;x;x
1398;64;142;90;x;x
1399;130;167;60;x;x
1400;72;50;67;x;x
1401;166;110;70;x;x
1402;94;119;72;x;x
1403;67;170;92;x;x
1404;148;113;92;x;x
1405;114;50;106;x;x
1406;87;124;106;x;x
1407;128;110;99;x;x
1408;168;50;78;x;x
1409;110;104;57;x;x
1410;64;138;103;x;x
1411;55;100;70;x;x
1412;50;150;56;x;x
1413;146;64;94;x;x
1414;59;70;88;x;x
1415;168;74;96;x;x
1416;154;118;80;x;x
1417;140;66;98;x;x
1418;131;54;92;x;x
1419;120;112;97;x;x
1420;54;112;78;x;x
1421;157;136;104;x;x
1422;140;62;84;x;x
1423;72;164;75;x;x
1424;90;140;66;x;x
1425;129;79;82;x;x
1426;78;134;86;x;x
1427;64;150;70;x;x
1428;142;86;80;x;x
1429;88;81;69;x;x
1430;110;125;86;x;x
1431;122;116;72;x;x
1432;132;129;96;x;x
1433;158;155;64;x;x
1434;82;54;101;x;x
1435;172;67;56;x;x
1436;98;70;91;x;x
1437;163;74;96;x;x
1438;164;88;80;x;x
1439;154;128;98;x;x
1440;83;119;88;x;x
1441;146;112;82;x;x
1442;100;82;82;x;x
1443;87;112;75;x;x
1444;100;54;56;x;x
1445;82;159;88;x;x
1446;168;50;65;x;x
1447;160;115;61;x;x
1448;60;93;66;x;x
1449;84;86;54;x;x
1450;92;158;59;x;x
1451;92;106;104;x;x
1452;170;134;72;x;x
1453;134;140;103;x;x
1454;108;74;54;x;x
1455;130;112;56;x;x
1456;131;120;84;x;x
1457;174;144;56;x;x
1458;168;87;102;x;x
1459;64;154;98;x;x
1460;157;56;100;x;x
1461;146;112;79;x;x
1462;142;164;93;x;x
1463;114;142;70;x;x
1464;112;63;92;x;x
1465;86;100;90;x;x
1466;120;75;50;x;x
1467;170;104;86;x;x
1468;104;72;82;x;x
1469;80;146;52;x;x
1470;119;70;85;x;x
1471;124;62;60;x;x
1472;83;57;106;x;x
1473;60;84;52;x;x
1474;170;106;58;x;x
1475;134;122;64;x;x
1476;142;155;53;x;x
1477;108;97;72;x;x
1478;84;154;93;x;x
1479;128;73;93;x;x
1480;80;52;96;x;x
1481;152;122;100;x;x
1482;174;156;106;x;x
1483;132;166;102;x;x
1484;112;116;58;x;x
1485;122;147;64;x;x
1486;106;160;104;x;x
1487;144;94;104;x;x
1488;90;142;57;x;x
1489;146;128;88;x;x
1490;162;78;69;x;x
1491;140;64;92;x;x
1492;76;62;103;x;x
1493;85;111;63;x;x
1494;142;113;59;x;x
1495;122;55;96;x;x
1496;90;46;87;x;x
1497;98;159;54;x;x
1498;72;76;76;x;x
1499;117;70;76;x;x
1500;70;56;60;x;x
1501;70;139;98;x;x
1502;174;65;59;x;x
1503;167;86;89;x;x
1504;174;170;77;x;x
1505;84;140;82;x;x
1506;112;60;56;x;x
1507;130;130;77;x;x
1508;72;104;101;x;x
1509;166;98;67;x;x
1510;144;146;54;x;x
1511;162;118;92;x;x
1512;158;54;94;x;x
1513;158;176;52;x;x
1514;143;130;90;x;x
1515;168;158;73;x;x
1516;116;141;92;x;x
1517;157;162;86;x;x
1518;156;64;60;x;x
1519;58;88;64;x;x
1520;152;122;57;x;x
1521;72;90;66;x;x
1522;152;172;56;x;x
1523;154;111;86;x;x
1524;81;174;104;x;x
1525;113;139;96;x;x
1526;160;88;78;x;x
1527;146;144;84;x;x
1528;88;84;64;x;x
1529;118;76;94;x;x
1530;50;148;75;x;x
1531;74;79;92;x;x
1532;140;85;102;x;x
1533;121;110;78;x;x
1534;134;114;86;x;x
1535;137;106;94;x;x
1536;140;146;96;x;x
1537;172;55;58;x;x
1538;26;39;120;x;x
1539;157;120;53;x;x
1540;54;123;52;x;x
1541;172;143;100;x;x
1542;167;116;53;x;x
1543;146;64;78;x;x
1544;117;115;74;x;x
1545;81;154;61;x;x
1546;60;161;86;x;x
1547;175;134;70;x;x
1548;112;91;70;x;x
1549;144;92;62;x;x
1550;114;171;87;x;x
1551;137;122;78;x;x
1552;132;72;88;x;x
1553;148;125;64;x;x
1554;52;70;87;x;x
1555;74;19;122;x;x
1556;61;80;92;x;x
1557;160;96;56;x;x
1558;61;118;101;x;x
1559;167;62;76;x;x
1560;62;134;82;x;x
1561;94;119;58;x;x
1562;164;100;66;x;x
1563;115;93;67;x;x
1564;96;134;60;x;x
1565;93;60;70;x;x
1566;90;132;72;x;x
1567;172;112;78;x;x
1568;108;60;52;x;x
1569;164;110;91;x;x
1570;173;90;52;x;x
1571;67;142;93;x;x
1572;114;102;95;x;x
1573;132;80;72;x;x
1574;166;52;92;x;x
1575;162;168;73;x;x
1576;86;34;126;x;x
1577;144;86;56;x;x
1578;172;92;52;x;x
1579;80;126;68;x;x
1580;139;112;94;x;x
1581;154;98;54;x;x
1582;162;113;68;x;x
1583;160;134;84;x;x
1584;94;54;70;x;x
1585;51;106;64;x;x
1586;174;132;58;x;x
1587;80;129;78;x;x
1588;120;170;53;x;x
1589;42;18;113;x;x
1590;152;82;68;x;x
1591;98;102;66;x;x
1592;138;116;64;x;x
1593;126;138;56;x;x
1594;146;154;77;x;x
1595;164;138;56;x;x
1596;78;93;86;x;x
1597;88;116;51;x;x
1598;100;68;75;x;x
1599;160;54;104;x;x
1600;156;153;53;x;x
1601;54;106;87;x;x
1602;64;164;106;x;x
1603;51;136;104;x;x
1604;130;164;54;x;x
1605;82;98;60;x;x
1606;124;74;52;x;x
1607;88;174;56;x;x
1608;124;126;56;x;x
1609;149;118;71;x;x
1610;70;81;74;x;x
1611;85;114;60;x;x
1612;169;158;57;x;x
1613;168;150;78;x;x
1614;78;108;96;x;x
1615;82;172;105;x;x
1616;80;80;80;x;x
1617;40;69;104;x;x
1618;147;81;100;x;x
1619;78;144;99;x;x
1620;80;161;54;x;x
1621;97;146;68;x;x
1622;114;145;83;x;x
1623;176;140;88;x;x
1624;82;84;58;x;x
1625;162;81;66;x;x
1626;172;156;84;x;x
1627;110;162;86;x;x
1628;162;96;60;x;x
1629;79;130;74;x;x
1630;142;116;104;x;x
1631;76;156;54;x;x
1632;158;160;75;x;x
1633;52;112;62;x;x
1634;91;73;86;x;x
1635;85;163;75;x;x
1636;170;58;53;x;x
1637;92;176;62;x;x
1638;144;120;66;x;x
1639;172;98;78;x;x
1640;57;50;76;x;x
1641;88;104;64;x;x
1642;63;102;91;x;x
1643;172;98;106;x;x
1644;122;51;57;x;x
1645;88;20;117;x;x
1646;64;144;101;x;x
1647;160;77;88;x;x
1648;103;80;104;x;x
1649;118;156;78;x;x
1650;140;86;53;x;x
1651;84;96;68;x;x
1652;84;146;70;x;x
1653;66;146;89;x;x
1654;70;108;101;x;x
1655;146;172;52;x;x
1656;79;154;76;x;x
1657;137;89;84;x;x
1658;138;167;50;x;x
1659;143;104;58;x;x
1660;84;169;67;x;x
1661;140;168;99;x;x
1662;174;72;92;x;x
1663;104;152;100;x;x
1664;94;142;78;x;x
1665;72;153;86;x;x
1666;162;174;104;x;x
1667;158;140;102;x;x
1668;68;158;62;x;x
1669;132;146;68;x;x
1670;137;156;106;x;x
1671;116;46;123;x;x
1672;135;90;98;x;x
1673;87;106;82;x;x
1674;106;104;89;x;x
1675;144;131;51;x;x
1676;102;72;52;x;x
1677;98;160;92;x;x
1678;72;167;82;x;x
1679;65;155;96;x;x
1680;136;72;86;x;x
1681;53;129;87;x;x
1682;152;112;100;x;x
1683;136;90;83;x;x
1684;85;88;52;x;x
1685;127;153;60;x;x
1686;87;54;60;x;x
1687;78;160;80;x;x
1688;166;174;105;x;x
1689;136;53;98;x;x
1690;99;82;78;x;x
1691;90;24;118;x;x
1692;128;151;87;x;x
1693;106;67;67;x;x
1694;86;112;99;x;x
1695;160;74;56;x;x
1696;91;94;100;x;x
1697;56;83;58;x;x
1698;64;94;90;x;x
1699;120;93;107;x;x
1700;76;157;57;x;x
1701;78;114;73;x;x
1702;136;163;72;x;x
1703;160;101;73;x;x
1704;80;140;80;x;x
1705;120;50;74;x;x
1706;120;94;75;x;x
1707;112;92;105;x;x
1708;176;114;103;x;x
1709;168;94;52;x;x
1710;103;87;52;x;x
1711;88;72;102;x;x
1712;84;86;76;x;x
1713;126;104;54;x;x
1714;128;134;104;x;x
1715;71;93;89;x;x
1716;94;136;53;x;x
1717;117;174;84;x;x
1718;126;142;106;x;x
1719;142;72;89;x;x
1720;156;132;59;x;x
1721;121;131;56;x;x
1722;153;164;94;x;x
1723;53;173;97;x;x
1724;113;82;58;x;x
1725;79;76;62;x;x
1726;131;152;90;x;x
1727;175;158;85;x;x
1728;94;124;86;x;x
1729;168;136;93;x;x
1730;62;63;94;x;x
1731;60;104;103;x;x
1732;160;147;61;x;x
1733;61;158;70;x;x
1734;98;63;70;x;x
1735;56;122;68;x;x
1736;70;134;55;x;x
1737;98;119;82;x;x
1738;100;91;72;x;x
1739;86;142;94;x;x
1740;59;126;60;x;x
1741;160;164;98;x;x
1742;118;168;99;x;x
1743;154;94;88;x;x
1744;86;63;70;x;x
1745;61;173;64;x;x
1746;80;170;52;x;x
1747;169;54;106;x;x
1748;174;60;81;x;x
1749;138;89;80;x;x
1750;150;152;68;x;x
1751;100;132;54;x;x
1752;122;104;72;x;x
1753;167;60;108;x;x
1754;162;152;62;x;x
1755;109;82;84;x;x
1756;86;104;76;x;x
1757;140;64;72;x;x
1758;54;126;82;x;x
1759;31;118;74;x;x
1760;120;96;104;x;x
1761;176;154;98;x;x
1762;175;169;92;x;x
1763;100;115;73;x;x
1764;102;158;92;x;x
1765;160;66;91;x;x
1766;63;117;80;x;x
1767;88;58;82;x;x
1768;115;95;94;x;x
1769;84;132;101;x;x
1770;176;59;94;x;x
1771;68;133;60;x;x
1772;168;158;105;x;x
1773;172;172;88;x;x
1774;150;164;92;x;x
1775;114;97;70;x;x
1776;151;144;87;x;x
1777;166;81;91;x;x
1778;50;124;99;x;x
1779;78;120;64;x;x
1780;117;165;56;x;x
1781;93;148;89;x;x
1782;174;170;70;x;x
1783;68;72;65;x;x
1784;78;175;56;x;x
1785;101;82;93;x;x
1786;134;110;103;x;x
1787;120;94;74;x;x
1788;96;118;84;x;x
1789;90;164;95;x;x
1790;56;57;66;x;x
1791;118;157;80;x;x
1792;56;53;68;x;x
1793;52;162;60;x;x
1794;76;97;72;x;x
1795;58;110;70;x;x
1796;92;158;104;x;x
1797;104;112;71;x;x
1798;128;50;62;x;x
1799;140;174;108;x;x
1800;92;170;100;x;x
1801;164;113;72;x;x
1802;112;94;80;x;x
1803;66;86;94;x;x
1804;72;150;62;x;x
1805;110;120;72;x;x
1806;80;76;70;x;x
1807;147;158;58;x;x
1808;62;160;97;x;x
1809;156;64;98;x;x
1810;148;113;96;x;x
1811;115;125;90;x;x
1812;66;121;98;x;x
1813;53;32;84;x;x
1814;68;120;77;x;x
1815;138;80;66;x;x
1816;156;56;98;x;x
1817;148;62;100;x;x
1818;172;108;62;x;x
1819;124;88;72;x;x
1820;68;55;64;x;x
1821;80;65;56;x;x
1822;167;56;100;x;x
1823;86;142;103;x;x
1824;112;146;90;x;x
1825;60;145;104;x;x
1826;129;82;103;x;x
1827;102;136;83;x;x
1828;97;70;81;x;x
1829;131;80;56;x;x
1830;156;56;60;x;x
1831;22;22;91;x;x
1832;77;134;105;x;x
1833;56;76;58;x;x
1834;116;121;87;x;x
1835;76;106;56;x;x
1836;130;53;67;x;x
1837;136;130;68;x;x
1838;106;59;62;x;x
1839;106;157;70;x;x
1840;77;92;54;x;x
1841;60;96;105;x;x
1842;86;99;64;x;x
1843;52;140;99;x;x
1844;97;112;54;x;x
1845;56;168;54;x;x
1846;126;174;52;x;x
1847;168;171;82;x;x
1848;153;161;106;x;x
1849;93;105;80;x;x
1850;112;58;68;x;x
1851;168;91;104;x;x
1852;104;68;90;x;x
1853;57;60;106;x;x
1854;108;143;74;x;x
1855;120;134;53;x;x
1856;94;62;88;x;x
1857;134;90;86;x;x
1858;174;161;60;x;x
1859;136;132;74;x;x
1860;110;87;74;x;x
1861;77;98;86;x;x
1862;82;169;92;x;x
1863;128;176;102;x;x
1864;170;90;74;x;x
1865;152;78;52;x;x
1866;138;54;61;x;x
1867;148;70;84;x;x
1868;141;96;90;x;x
1869;140;148;65;x;x
1870;60;96;74;x;x
1871;54;64;93;x;x
1872;72;104;120;x;x
1873;100;124;94;x;x
1874;136;55;84;x;x
1875;97;159;56;x;x
1876;59;98;66;x;x
1877;144;100;77;x;x
1878;84;134;97;x;x
1879;174;66;79;x;x
1880;74;166;106;x;x
1881;149;110;78;x;x
1882;88;100;100;x;x
1883;156;70;50;x;x
1884;134;166;104;x;x
1885;137;76;93;x;x
1886;172;56;56;x;x
1887;168;174;92;x;x
1888;87;146;106;x;x
1889;59;63;83;x;x
1890;160;164;54;x;x
1891;158;160;86;x;x
1892;125;86;77;x;x
1893;106;139;69;x;x
1894;118;60;51;x;x
1895;56;171;87;x;x
1896;160;136;53;x;x
1897;102;152;86;x;x
1898;114;46;118;x;x
1899;77;24;114;x;x
1900;92;120;94;x;x
1901;123;97;66;x;x
1902;106;139;60;x;x
1903;50;109;79;x;x
1904;126;116;82;x;x
1905;118;109;63;x;x
1906;176;133;66;x;x
1907;120;138;76;x;x
1908;134;148;88;x;x
1909;154;166;88;x;x
1910;60;142;107;x;x
1911;122;82;83;x;x
1912;116;126;74;x;x
1913;61;161;86;x;x
1914;62;104;96;x;x
1915;58;109;74;x;x
1916;76;96;94;x;x
1917;158;171;66;x;x
1918;170;113;54;x;x
1919;64;90;106;x;x
1920;140;141;66;x;x
1921;130;168;104;x;x
1922;95;93;76;x;x
1923;104;151;88;x;x
1924;90;56;103;x;x
1925;54;152;96;x;x
1926;127;58;58;x;x
1927;84;171;88;x;x
1928;121;89;88;x;x
1929;106;162;76;x;x
1930;99;68;86;x;x
1931;124;92;93;x;x
1932;72;64;64;x;x
1933;129;75;87;x;x
1934;129;51;56;x;x
1935;87;54;76;x;x
1936;71;90;93;x;x
1937;124;98;106;x;x
1938;86;166;60;x;x
1939;58;51;66;x;x
1940;128;117;76;x;x
1941;84;7;90;x;x
1942;80;98;52;x;x
1943;62;114;87;x;x
1944;153;164;52;x;x
1945;125;64;102;x;x
1946;151;160;50;x;x
1947;20;112;104;x;x
1948;114;58;81;x;x
1949;94;61;90;x;x
1950;147;96;54;x;x
1951;95;129;107;x;x
1952;144;128;90;x;x
1953;116;158;86;x;x
1954;83;57;104;x;x
1955;166;56;104;x;x
1956;65;146;71;x;x
1957;17;11;120;x;x
1958;112;78;86;x;x
1959;96;69;54;x;x
1960;64;157;79;x;x
1961;124;68;82;x;x
1962;118;156;73;x;x
1963;84;66;98;x;x
1964;132;174;58;x;x
1965;154;65;69;x;x
1966;162;62;53;x;x
1967;72;124;75;x;x
1968;84;148;91;x;x
1969;72;98;52;x;x
1970;153;170;102;x;x
1971;124;161;90;x;x
1972;106;124;53;x;x
1973;72;54;102;x;x
1974;140;72;88;x;x
1975;72;116;63;x;x
1976;152;100;72;x;x
1977;110;166;102;x;x
1978;158;100;60;x;x
1979;65;126;56;x;x
1980;94;156;74;x;x
1981;115;176;54;x;x
1982;102;70;82;x;x
1983;156;152;55;x;x
1984;176;160;94;x;x
1985;80;170;58;x;x
1986;90;60;56;x;x
1987;78;63;88;x;x
1988;146;157;64;x;x
1989;56;153;82;x;x
1990;116;72;53;x;x
1991;74;85;93;x;x
1992;55;54;94;x;x
1993;142;164;62;x;x
1994;160;122;106;x;x
1995;100;84;101;x;x
1996;108;108;54;x;x
1997;173;86;100;x;x
1998;84;126;71;x;x
1999;168;134;50;x;x
2000;120;115;96;x;x
2001;160;58;58;x;x
2002;62;54;69;x;x
2003;65;110;102;x;x
2004;121;159;72;x;x
2005;59;143;103;x;x
2006;168;74;74;x;x
2007;132;144;54;x;x
2008;136;126;96;x;x
2009;149;83;80;x;x
2010;166;62;82;x;x
2011;122;148;80;x;x
2012;124;97;100;x;x
2013;58;122;102;x;x
2014;96;116;70;x;x
2015;70;124;84;x;x
2016;68;116;60;x;x
2017;64;64;115;x;x
2018;151;64;80;x;x
2019;86;126;100;x;x
2020;159;156;68;x;x
2021;85;124;75;x;x
2022;57;156;100;x;x
2023;154;75;94;x;x
2024;113;163;102;x;x
2025;130;159;96;x;x
2026;166;108;87;x;x
2027;92;115;68;x;x
2028;118;120;60;x;x
2029;142;164;87;x;x
2030;76;140;84;x;x
2031;164;88;50;x;x
2032;82;92;93;x;x
2033;116;114;82;x;x
2034;112;112;91;x;x
2035;59;74;91;x;x
2036;60;102;94;x;x
2037;54;152;69;x;x
2038;74;172;76;x;x
2039;89;89;70;x;x
2040;89;162;94;x;x
2041;88;70;99;x;x
2042;136;90;54;x;x
2043;62;154;56;x;x
2044;152;106;56;x;x
2045;94;144;92;x;x
2046;170;126;84;x;x
2047;74;92;93;x;x
2048;82;50;102;x;x
2049;84;114;54;x;x
2050;126;144;54;x;x
2051;120;60;77;x;x
2052;172;114;78;x;x
2053;119;116;90;x;x
2054;92;110;73;x;x
2055;108;146;102;x;x
2056;60;118;64;x;x
2057;152;155;90;x;x
2058;84;122;59;x;x
2059;124;86;86;x;x
2060;5;14;72;x;x
2061;170;84;50;x;x
2062;77;64;107;x;x
2063;74;166;86;x;x
2064;158;170;64;x;x
2065;89;175;102;x;x
2066;142;132;84;x;x
2067;170;158;51;x;x
2068;122;92;71;x;x
2069;90;139;72;x;x
2070;106;76;60;x;x
2071;64;165;72;x;x
2072;110;94;57;x;x
2073;105;174;100;x;x
2074;80;144;84;x;x
2075;174;136;91;x;x
2076;80;83;104;x;x
2077;89;125;84;x;x
2078;147;118;60;x;x
2079;124;77;92;x;x
2080;90;80;98;x;x
2081;168;57;56;x;x
2082;55;144;85;x;x
2083;146;76;74;x;x
2084;172;123;87;x;x
2085;131;78;67;x;x
2086;93;78;58;x;x
2087;103;122;95;x;x
2088;93;97;106;x;x
2089;160;111;67;x;x
2090;168;78;94;x;x
2091;115;76;72;x;x
2092;100;82;107;x;x
2093;115;100;104;x;x
2094;150;108;102;x;x
2095;139;144;96;x;x
2096;83;68;86;x;x
2097;52;98;102;x;x
2098;150;159;94;x;x
2099;80;154;94;x;x
2100;152;104;74;x;x
2101;136;124;56;x;x
2102;100;92;68;x;x
2103;73;129;96;x;x
2104;104;74;72;x;x
2105;144;151;105;x;x
2106;148;168;78;x;x
2107;94;93;80;x;x
2108;114;144;106;x;x
2109;130;139;74;x;x
2110;130;140;66;x;x
2111;161;107;66;x;x
2112;112;123;92;x;x
2113;164;68;86;x;x
2114;114;60;81;x;x
2115;68;52;74;x;x
2116;48;102;96;x;x
2117;164;169;63;x;x
2118;172;80;63;x;x
2119;54;90;64;x;x
2120;134;104;66;x;x
2121;142;111;63;x;x
2122;91;145;51;x;x
2123;154;143;68;x;x
2124;68;162;76;x;x
2125;59;56;92;x;x
2126;100;170;106;x;x
2127;162;148;87;x;x
2128;114;131;72;x;x
2129;147;90;95;x;x
2130;89;130;66;x;x
2131;113;170;79;x;x
2132;108;54;74;x;x
2133;84;144;93;x;x
2134;51;68;98;x;x
2135;84;103;91;x;x
2136;160;175;100;x;x
2137;127;74;65;x;x
2138;90;142;71;x;x
2139;160;146;98;x;x
2140;53;108;92;x;x
2141;108;151;88;x;x
2142;127;124;82;x;x
2143;78;148;98;x;x
2144;82;69;63;x;x
2145;101;72;64;x;x
2146;144;120;84;x;x
2147;127;80;100;x;x
2148;90;142;104;x;x
2149;175;105;86;x;x
2150;166;69;94;x;x
2151;106;142;90;x;x
2152;103;87;85;x;x
2153;175;170;101;x;x
2154;110;90;95;x;x
2155;52;167;72;x;x
2156;78;116;97;x;x
2157;149;130;87;x;x
2158;98;76;98;x;x
2159;156;108;69;x;x
2160;96;154;84;x;x
2161;114;156;78;x;x
2162;82;156;80;x;x
2163;114;130;62;x;x
2164;107;127;96;x;x
2165;161;142;68;x;x
2166;164;76;71;x;x
2167;151;162;54;x;x
2168;66;114;107;x;x
2169;133;62;56;x;x
2170;118;66;70;x;x
2171;104;50;96;x;x
2172;64;100;80;x;x
2173;82;126;52;x;x
2174;60;103;80;x;x
2175;2;100;90;x;x
2176;99;142;68;x;x
2177;158;116;101;x;x
2178;170;94;66;x;x
2179;154;102;74;x;x
2180;66;64;100;x;x
2181;161;52;66;x;x
2182;154;65;98;x;x
2183;60;158;67;x;x
2184;60;117;66;x;x
2185;146;174;94;x;x
2186;148;121;106;x;x
2187;56;152;68;x;x
2188;133;90;78;x;x
2189;94;82;55;x;x
2190;110;101;100;x;x
2191;71;96;97;x;x
2192;169;54;64;x;x
2193;70;173;72;x;x
2194;140;102;75;x;x
2195;88;146;52;x;x
2196;106;78;80;x;x
2197;88;64;67;x;x
2198;141;132;104;x;x
2199;152;72;76;x;x
2200;125;160;58;x;x
2201;132;135;77;x;x
2202;52;137;96;x;x
2203;64;146;84;x;x
2204;73;106;54;x;x
2205;53;124;97;x;x
2206;89;66;84;x;x
2207;133;71;68;x;x
2208;117;168;105;x;x
2209;138;141;106;x;x
2210;135;55;96;x;x
2211;76;156;91;x;x
2212;124;132;92;x;x
2213;83;108;56;x;x
2214;157;108;78;x;x
2215;146;85;86;x;x
2216;62;99;78;x;x
2217;168;142;94;x;x
2218;53;45;94;x;x
2219;69;70;102;x;x
2220;118;55;100;x;x
2221;60;68;78;x;x
2222;159;167;68;x;x
2223;26;92;96;x;x
2224;139;114;104;x;x
2225;124;122;87;x;x
2226;144;138;64;x;x
2227;82;57;82;x;x
2228;154;70;62;x;x
2229;121;94;90;x;x
2230;80;171;66;x;x
2231;62;111;71;x;x
2232;136;156;63;x;x
2233;82;122;60;x;x
2234;151;83;74;x;x
2235;170;87;62;x;x
2236;50;80;80;x;x
2237;55;131;68;x;x
2238;167;158;80;x;x
2239;158;108;83;x;x
2240;52;108;90;x;x
2241;91;62;104;x;x
2242;155;142;56;x;x
2243;84;64;100;x;x
2244;148;55;82;x;x
2245;90;74;92;x;x
2246;135;126;66;x;x
2247;167;142;75;x;x
2248;74;71;58;x;x
2249;60;95;50;x;x
2250;102;148;56;x;x
2251;130;98;91;x;x
2252;166;102;67;x;x
2253;94;156;73;x;x
2254;176;149;61;x;x
2255;72;135;68;x;x
2256;74;176;61;x;x
2257;131;98;74;x;x
2258;112;142;102;x;x
2259;75;146;56;x;x
2260;98;136;74;x;x
2261;21;22;112;x;x
2262;122;149;72;x;x
2263;138;142;74;x;x
2264;144;136;65;x;x
2265;89;73;52;x;x
2266;63;111;81;x;x
2267;162;162;70;x;x
2268;136;122;58;x;x
2269;88;56;82;x;x
2270;66;140;51;x;x
2271;94;138;68;x;x
2272;96;58;86;x;x
2273;162;100;95;x;x
2274;173;152;106;x;x
2275;155;74;78;x;x
2276;109;92;78;x;x
2277;144;120;59;x;x
2278;162;128;91;x;x
2279;163;106;72;x;x
2280;116;169;53;x;x
2281;56;58;72;x;x
2282;134;149;102;x;x
2283;94;151;74;x;x
2284;70;89;55;x;x
2285;60;130;54;x;x
2286;102;72;94;x;x
2287;162;92;58;x;x
2288;60;76;58;x;x
2289;70;52;74;x;x
2290;54;92;74;x;x
2291;58;120;99;x;x
2292;72;137;85;x;x
2293;2;99;119;x;x
2294;98;104;84;x;x
2295;65;60;67;x;x
2296;156;105;74;x;x
2297;98;167;74;x;x
2298;128;68;66;x;x
2299;174;64;70;x;x
2300;55;119;53;x;x
2301;135;58;86;x;x
2302;116;60;105;x;x
2303;168;128;93;x;x
2304;144;87;75;x;x
2305;133;134;94;x;x
2306;130;72;60;x;x
2307;114;104;95;x;x
2308;136;152;79;x;x
2309;139;64;86;x;x
2310;100;90;54;x;x
2311;112;124;106;x;x
2312;76;76;86;x;x
2313;151;55;80;x;x
2314;145;69;52;x;x
2315;162;83;90;x;x
2316;158;137;70;x;x
2317;156;63;82;x;x
2318;107;74;65;x;x
2319;106;162;93;x;x
2320;74;155;84;x;x
2321;138;103;104;x;x
2322;58;72;88;x;x
2323;122;55;66;x;x
2324;142;113;82;x;x
2325;119;136;90;x;x
2326;126;101;93;x;x
2327;152;68;88;x;x
2328;112;53;80;x;x
2329;65;148;60;x;x
2330;102;91;102;x;x
2331;160;116;101;x;x
2332;64;79;60;x;x
2333;112;133;68;x;x
2334;158;138;95;x;x
2335;101;30;74;x;x
2336;126;143;98;x;x
2337;60;117;84;x;x
2338;72;162;96;x;x
2339;112;99;75;x;x
2340;141;135;95;x;x
2341;119;156;60;x;x
2342;110;162;84;x;x
2343;134;76;57;x;x
2344;137;86;66;x;x
2345;56;111;106;x;x
2346;108;162;52;x;x
2347;76;175;98;x;x
2348;102;131;94;x;x
2349;102;149;100;x;x
2350;152;63;58;x;x
2351;76;70;98;x;x
2352;141;57;70;x;x
2353;122;150;74;x;x
2354;106;98;104;x;x
2355;112;85;68;x;x
2356;160;122;72;x;x
2357;116;150;84;x;x
2358;96;167;106;x;x
2359;157;122;60;x;x
2360;124;87;78;x;x
2361;134;74;56;x;x
2362;114;98;62;x;x
2363;67;100;84;x;x
2364;130;72;92;x;x
2365;125;171;59;x;x
2366;114;70;102;x;x
2367;170;63;62;x;x
2368;102;77;59;x;x
2369;159;97;66;x;x
2370;165;166;105;x;x
2371;50;74;92;x;x
2372;34;108;102;x;x
2373;60;54;79;x;x
2374;146;160;70;x;x
2375;84;72;106;x;x
2376;67;66;94;x;x
2377;166;130;66;x;x
2378;78;129;85;x;x
2379;144;52;93;x;x
2380;108;106;68;x;x
2381;67;168;98;x;x
2382;124;106;79;x;x
2383;162;109;90;x;x
2384;67;160;54;x;x
2385;132;92;88;x;x
2386;60;58;98;x;x
2387;170;144;62;x;x
2388;63;134;101;x;x
2389;148;78;82;x;x
2390;93;133;84;x;x
2391;106;93;104;x;x
2392;52;176;92;x;x
2393;130;97;103;x;x
2394;166;52;80;x;x
2395;109;158;70;x;x
2396;147;72;86;x;x
2397;137;88;64;x;x
2398;76;152;99;x;x
2399;76;94;82;x;x
2400;124;136;76;x;x
2401;164;117;66;x;x
2402;80;99;76;x;x
2403;130;60;54;x;x
2404;169;128;51;x;x
2405;108;115;91;x;x
2406;126;143;70;x;x
2407;144;157;94;x;x
2408;38;98;102;x;x
2409;164;82;76;x;x
2410;85;136;66;x;x
2411;90;170;90;x;x
2412;94;160;72;x;x
2413;144;94;105;x;x
2414;148;63;60;x;x
2415;62;70;88;x;x
2416;54;104;53;x;x
2417;42;14;92;x;x
2418;168;158;95;x;x
2419;149;147;92;x;x
2420;92;144;70;x;x
2421;54;51;52;x;x
2422;162;141;87;x;x
2423;83;151;95;x;x
2424;112;164;65;x;x
2425;80;54;102;x;x
2426;78;92;78;x;x
2427;96;140;107;x;x
2428;102;68;57;x;x
2429;108;82;92;x;x
2430;66;10;98;x;x
2431;90;173;56;x;x
2432;94;172;73;x;x
2433;92;167;50;x;x
2434;62;141;92;x;x
2435;136;126;80;x;x
2436;52;170;64;x;x
2437;72;108;82;x;x
2438;173;162;68;x;x
2439;108;90;57;x;x
2440;146;90;81;x;x
2441;126;146;87;x;x
2442;140;112;90;x;x
2443;96;92;126;x;x
2444;75;82;58;x;x
2445;164;162;68;x;x
2446;169;69;65;x;x
2447;56;90;54;x;x
2448;51;77;64;x;x
2449;60;120;122;x;x
2450;94;40;90;x;x
2451;97;78;94;x;x
2452;170;108;58;x;x
2453;62;106;74;x;x
2454;142;98;98;x;x
2455;107;121;124;x;x
2456;152;94;68;x;x
2457;129;55;82;x;x
2458;170;93;66;x;x
2459;25;60;92;x;x
2460;157;94;70;x;x
2461;132;169;70;x;x
2462;88;56;120;x;x
2463;148;68;59;x;x
2464;146;146;75;x;x
2465;116;138;66;x;x
2466;57;58;76;x;x
2467;134;136;98;x;x
2468;175;140;52;x;x
2469;156;76;52;x;x
2470;62;154;98;x;x
2471;70;169;58;x;x
2472;160;60;78;x;x
2473;130;129;68;x;x
2474;136;94;76;x;x
2475;51;118;78;x;x
2476;118;74;85;x;x
2477;158;164;58;x;x
2478;82;69;100;x;x
2479;86;129;86;x;x
2480;74;92;66;x;x
2481;89;128;98;x;x
2482;167;130;97;x;x
2483;60;158;82;x;x
2484;134;82;98;x;x
2485;172;98;52;x;x
2486;66;88;56;x;x
2487;172;88;81;x;x
2488;92;91;56;x;x
2489;175;172;86;x;x
2490;88;112;94;x;x
2491;162;124;97;x;x
2492;76;122;76;x;x
2493;158;65;92;x;x
2494;84;70;53;x;x
2495;98;74;104;x;x
2496;49;104;82;x;x
2497;155;91;100;x;x
2498;52;171;104;x;x
2499;59;128;87;x;x
2500;81;171;100;x;x
2501;107;66;52;x;x
2502;126;125;99;x;x
2503;54;164;54;x;x
2504;80;56;50;x;x
2505;135;78;86;x;x
2506;64;56;80;x;x
2507;63;140;92;x;x
2508;151;143;106;x;x
2509;82;80;72;x;x
2510;158;138;61;x;x
2511;148;110;86;x;x
2512;127;84;104;x;x
2513;153;52;53;x;x
2514;80;64;83;x;x
2515;82;102;72;x;x
2516;68;148;54;x;x
2517;129;72;66;x;x
2518;78;148;52;x;x
2519;168;88;102;x;x
2520;141;84;104;x;x
2521;60;148;102;x;x
2522;158;107;78;x;x
2523;154;154;59;x;x
2524;111;114;80;x;x
2525;173;122;70;x;x
2526;158;162;98;x;x
2527;138;149;69;x;x
2528;64;156;58;x;x
2529;128;108;78;x;x
2530;134;142;72;x;x
2531;59;79;82;x;x
2532;98;79;99;x;x
2533;96;146;59;x;x
2534;171;90;96;x;x
2535;134;124;90;x;x
2536;110;156;64;x;x
2537;70;174;87;x;x
2538;137;113;62;x;x
2539;160;126;68;x;x
2540;79;70;72;x;x
2541;113;142;76;x;x
2542;162;146;72;x;x
2543;140;152;66;x;x
2544;108;78;94;x;x
2545;102;103;100;x;x
2546;118;158;87;x;x
2547;120;166;60;x;x
2548;134;154;78;x;x
2549;84;70;88;x;x
2550;98;52;82;x;x
2551;116;132;61;x;x
2552;144;115;50;x;x
2553;110;69;52;x;x
2554;88;136;76;x;x
2555;50;96;58;x;x
2556;157;141;105;x;x
2557;126;164;64;x;x
2558;78;107;104;x;x
2559;60;85;82;x;x
2560;110;116;98;x;x
2561;109;82;62;x;x
2562;86;85;91;x;x
2563;84;81;79;x;x
2564;146;54;56;x;x
2565;104;54;74;x;x
2566;78;121;93;x;x
2567;40;86;86;x;x
2568;146;126;106;x;x
2569;58;74;100;x;x
2570;116;120;62;x;x
2571;148;79;76;x;x
2572;67;126;62;x;x
2573;108;58;53;x;x
2574;93;164;88;x;x
2575;120;132;56;x;x
2576;54;135;67;x;x
2577;170;115;60;x;x
2578;107;135;52;x;x
2579;100;129;96;x;x
2580;130;133;77;x;x
2581;141;123;94;x;x
2582;164;96;106;x;x
2583;147;144;80;x;x
2584;160;163;93;x;x
2585;90;84;54;x;x
2586;63;131;97;x;x
2587;68;6;98;x;x
2588;145;154;58;x;x
2589;166;125;51;x;x
2590;70;167;74;x;x
2591;108;101;86;x;x
2592;126;150;80;x;x
2593;130;84;52;x;x
2594;160;169;96;x;x
2595;68;60;96;x;x
2596;119;167;76;x;x
2597;85;68;54;x;x
2598;142;148;102;x;x
2599;110;128;102;x;x
2600;93;124;64;x;x
2601;110;127;60;x;x
2602;77;82;70;x;x
2603;70;64;106;x;x
2604;118;132;81;x;x
2605;127;118;80;x;x
2606;128;90;72;x;x
2607;134;126;76;x;x
2608;94;39;110;x;x
2609;68;70;54;x;x
2610;160;143;62;x;x
2611;164;81;57;x;x
2612;142;172;74;x;x
2613;171;114;86;x;x
2614;53;152;72;x;x
2615;68;148;104;x;x
2616;68;82;53;x;x
2617;74;122;73;x;x
2618;124;120;88;x;x
2619;151;161;52;x;x
2620;76;82;76;x;x
2621;144;168;74;x;x
2622;78;112;62;x;x
2623;96;148;86;x;x
2624;50;162;71;x;x
2625;140;58;102;x;x
2626;120;70;71;x;x
2627;128;116;58;x;x
2628;114;90;58;x;x
2629;114;132;54;x;x
2630;60;107;94;x;x
2631;163;120;54;x;x
2632;134;78;56;x;x
2633;107;62;75;x;x
2634;102;116;88;x;x
2635;166;106;96;x;x
2636;172;96;86;x;x
2637;114;115;72;x;x
2638;66;167;60;x;x
2639;131;106;65;x;x
2640;147;91;84;x;x
2641;132;130;71;x;x
2642;58;128;50;x;x
2643;138;92;105;x;x
2644;87;164;95;x;x
2645;52;159;100;x;x
2646;154;74;100;x;x
2647;88;143;54;x;x
2648;62;134;72;x;x
2649;69;130;80;x;x
2650;149;103;106;x;x
2651;66;81;103;x;x
2652;58;166;66;x;x
2653;153;55;68;x;x
2654;92;62;107;x;x
2655;108;158;53;x;x
2656;72;54;74;x;x
2657;51;77;99;x;x
2658;77;84;100;x;x
2659;146;102;70;x;x
2660;168;142;70;x;x
2661;165;100;52;x;x
2662;64;152;86;x;x
2663;154;102;88;x;x
2664;174;128;100;x;x
2665;79;70;93;x;x
2666;106;146;71;x;x
2667;82;164;58;x;x
2668;140;58;84;x;x
2669;102;79;92;x;x
2670;82;172;88;x;x
2671;62;162;56;x;x
2672;122;158;54;x;x
2673;66;76;62;x;x
2674;96;85;54;x;x
2675;102;140;61;x;x
2676;127;90;87;x;x
2677;90;156;54;x;x
2678;66;144;106;x;x
2679;94;118;84;x;x
2680;63;151;58;x;x
2681;56;62;80;x;x
2682;90;170;75;x;x
2683;166;152;96;x;x
2684;151;96;89;x;x
2685;63;102;84;x;x
2686;56;156;52;x;x
2687;94;138;94;x;x
2688;98;138;50;x;x
2689;125;115;100;x;x
2690;66;30;110;x;x
2691;92;168;104;x;x
2692;162;146;91;x;x
2693;72;164;100;x;x
2694;70;52;94;x;x
2695;69;142;84;x;x
2696;147;162;85;x;x
2697;76;146;92;x;x
2698;129;132;63;x;x
2699;90;108;76;x;x
2700;162;86;65;x;x
2701;113;120;51;x;x
2702;128;108;50;x;x
2703;169;172;86;x;x
2704;62;88;72;x;x
2705;139;142;58;x;x
2706;118;74;72;x;x
2707;154;119;100;x;x
2708;50;112;94;x;x
2709;166;175;52;x;x
2710;118;63;91;x;x
2711;116;57;90;x;x
2712;138;158;102;x;x
2713;120;116;62;x;x
2714;68;164;90;x;x
2715;82;169;60;x;x
2716;55;153;88;x;x
2717;100;102;90;x;x
2718;162;130;62;x;x
2719;78;128;71;x;x
2720;91;100;102;x;x
2721;30;14;80;x;x
2722;52;68;110;x;x
2723;108;78;51;x;x
2724;128;103;81;x;x
2725;166;102;90;x;x
2726;87;168;68;x;x
2727;115;34;116;x;x
2728;86;158;50;x;x
2729;138;98;53;x;x
2730;70;84;73;x;x
2731;166;73;59;x;x
2732;162;159;106;x;x
2733;119;160;63;x;x
2734;158;170;106;x;x
2735;172;106;74;x;x
2736;64;144;88;x;x
2737;144;173;94;x;x
2738;79;158;84;x;x
2739;125;134;80;x;x
2740;130;90;87;x;x
2741;96;100;77;x;x
2742;161;172;101;x;x
2743;126;116;51;x;x
2744;86;130;79;x;x
2745;106;110;76;x;x
2746;118;120;52;x;x
2747;106;120;64;x;x
2748;98;53;92;x;x
2749;155;76;98;x;x
2750;90;136;58;x;x
2751;126;106;62;x;x
2752;90;86;64;x;x
2753;146;170;52;x;x
2754;160;61;60;x;x
2755;167;116;84;x;x
2756;62;118;64;x;x
2757;142;58;86;x;x
2758;117;116;73;x;x
2759;10;34;126;x;x
2760;98;112;85;x;x
2761;116;110;74;x;x
2762;69;159;74;x;x
2763;58;146;92;x;x
2764;116;99;98;x;x
2765;82;98;54;x;x
2766;60;103;62;x;x
2767;88;102;76;x;x
2768;70;95;71;x;x
2769;91;136;58;x;x
2770;100;148;78;x;x
2771;174;106;67;x;x
2772;52;122;54;x;x
2773;118;166;81;x;x
2774;141;138;99;x;x
2775;58;132;90;x;x
2776;156;124;88;x;x
2777;158;113;82;x;x
2778;103;89;79;x;x
2779;61;130;64;x;x
2780;126;76;82;x;x
2781;148;65;78;x;x
2782;54;66;90;x;x
2783;66;90;97;x;x
2784;73;22;98;x;x
2785;94;138;106;x;x
2786;167;121;78;x;x
2787;150;60;52;x;x
2788;135;175;88;x;x
2789;60;124;96;x;x
2790;110;105;100;x;x
2791;130;134;78;x;x
2792;131;98;70;x;x
2793;58;20;86;x;x
2794;98;58;104;x;x
2795;102;94;107;x;x
2796;115;86;66;x;x
2797;91;158;101;x;x
2798;52;120;70;x;x
2799;168;147;53;x;x
2800;176;122;99;x;x
2801;162;168;65;x;x
2802;38;75;89;x;x
2803;113;103;96;x;x
2804;93;12;75;x;x
2805;140;76;66;x;x
2806;136;144;56;x;x
2807;130;126;106;x;x
2808;174;136;94;x;x
2809;134;93;100;x;x
2810;101;133;82;x;x
2811;113;146;96;x;x
2812;156;142;75;x;x
2813;78;136;70;x;x
2814;64;74;70;x;x
2815;176;94;106;x;x
2816;66;65;59;x;x
2817;174;51;80;x;x
2818;101;74;61;x;x
2819;73;148;88;x;x
2820;106;108;60;x;x
2821;66;76;99;x;x
2822;140;116;86;x;x
2823;115;119;91;x;x
2824;120;96;84;x;x
2825;151;60;80;x;x
2826;156;147;69;x;x
2827;78;98;51;x;x
2828;176;109;86;x;x
2829;62;154;86;x;x
2830;167;175;67;x;x
2831;106;98;88;x;x
2832;56;92;102;x;x
2833;100;158;96;x;x
2834;115;84;56;x;x
2835;142;146;101;x;x
2836;69;56;76;x;x
2837;94;105;91;x;x
2838;89;133;80;x;x
2839;140;94;63;x;x
2840;138;167;106;x;x
2841;134;152;102;x;x
2842;26;64;82;x;x
2843;89;52;86;x;x
2844;107;54;72;x;x
2845;126;73;90;x;x
2846;93;86;100;x;x
2847;128;116;106;x;x
2848;65;90;104;x;x
2849;137;173;62;x;x
2850;167;78;102;x;x
2851;98;96;85;x;x
2852;152;170;71;x;x
2853;84;74;104;x;x
2854;132;84;76;x;x
2855;56;122;53;x;x
2856;54;133;86;x;x
2857;120;66;59;x;x
2858;56;116;78;x;x
2859;102;105;54;x;x
2860;110;138;72;x;x
2861;108;87;62;x;x
2862;164;152;82;x;x
2863;124;92;60;x;x
2864;106;101;104;x;x
2865;55;86;91;x;x
2866;111;140;51;x;x
2867;117;80;100;x;x
2868;86;80;70;x;x
2869;98;131;106;x;x
2870;68;54;99;x;x
2871;52;76;74;x;x
2872;54;58;96;x;x
2873;111;156;70;x;x
2874;131;87;96;x;x
2875;104;172;100;x;x
2876;104;76;102;x;x
2877;95;172;104;x;x
2878;92;175;78;x;x
2879;54;137;88;x;x
2880;76;168;52;x;x
2881;145;111;79;x;x
2882;64;79;76;x;x
2883;101;82;102;x;x
2884;155;153;58;x;x
2885;113;132;88;x;x
2886;173;150;76;x;x
2887;142;116;84;x;x
2888;122;170;100;x;x
2889;168;64;90;x;x
2890;154;114;59;x;x
2891;152;98;51;x;x
2892;108;60;56;x;x
2893;150;160;66;x;x
2894;74;68;61;x;x
2895;147;98;74;x;x
2896;104;142;61;x;x
2897;136;157;88;x;x
2898;143;71;66;x;x
2899;119;74;58;x;x
2900;60;161;106;x;x
2901;160;109;73;x;x
2902;116;117;52;x;x
2903;116;149;66;x;x
2904;59;78;94;x;x
2905;93;86;58;x;x
2906;80;54;72;x;x
2907;102;68;100;x;x
2908;126;96;105;x;x
2909;102;91;92;x;x
2910;50;162;86;x;x
2911;106;71;106;x;x
2912;150;174;99;x;x
2913;144;166;64;x;x
2914;81;106;70;x;x
2915;143;143;97;x;x
2916;160;74;74;x;x
2917;55;164;94;x;x
2918;173;119;52;x;x
2919;156;81;82;x;x
2920;50;134;76;x;x
2921;152;176;102;x;x
2922;102;74;56;x;x
2923;110;154;82;x;x
2924;174;105;88;x;x
2925;104;148;71;x;x
2926;128;84;88;x;x
2927;104;14;124;x;x
2928;90;140;51;x;x
2929;154;74;106;x;x
2930;80;97;54;x;x
2931;150;98;51;x;x
2932;108;83;74;x;x
2933;164;132;96;x;x
2934;63;84;63;x;x
2935;100;112;72;x;x
2936;148;85;76;x;x
2937;97;148;91;x;x
2938;126;170;88;x;x
2939;53;69;90;x;x
2940;67;61;87;x;x
2941;64;71;66;x;x
2942;80;104;94;x;x
2943;5;62;124;x;x
2944;118;128;72;x;x
2945;79;141;104;x;x
2946;100;68;118;x;x
2947;95;146;80;x;x
2948;156;82;63;x;x
2949;88;108;66;x;x
2950;145;76;106;x;x
2951;80;54;60;x;x
2952;126;136;88;x;x
2953;56;159;81;x;x
2954;70;133;99;x;x
2955;82;126;94;x;x
2956;98;66;100;x;x
2957;140;104;50;x;x
2958;72;96;64;x;x
2959;64;120;100;x;x
2960;143;152;63;x;x
2961;168;144;60;x;x
2962;60;146;78;x;x
2963;129;154;91;x;x
2964;82;82;82;x;x
2965;116;104;78;x;x
2966;144;74;102;x;x
2967;158;174;80;x;x
2968;122;153;52;x;x
2969;136;176;60;x;x
2970;126;68;105;x;x
2971;80;62;51;x;x
2972;156;167;81;x;x
2973;124;146;50;x;x
2974;80;158;56;x;x
2975;102;78;58;x;x
2976;53;76;76;x;x
2977;137;103;54;x;x
2978;109;94;62;x;x
2979;71;131;100;x;x
2980;84;14;106;x;x
2981;152;98;64;x;x
2982;74;89;92;x;x
2983;54;56;102;x;x
2984;23;29;99;x;x
2985;140;134;76;x;x
2986;161;162;58;x;x
2987;78;106;77;x;x
2988;144;50;60;x;x
2989;46;95;121;x;x
2990;22;126;74;x;x
2991;148;163;56;x;x
2992;162;86;54;x;x
2993;126;160;78;x;x
2994;81;174;80;x;x
2995;109;98;94;x;x
2996;62;146;65;x;x
2997;57;118;62;x;x
2998;106;126;112;x;x
2999;118;163;52;x;x
3000;132;66;61;x;x
3001;86;98;120;x;x
3002;162;50;100;x;x
3003;140;144;55;x;x
3004;110;150;102;x;x
3005;118;4;118;x;x
3006;70;62;74;x;x
3007;101;154;74;x;x
3008;132;72;54;x;x
3009;128;72;106;x;x
3010;174;118;50;x;x
3011;56;166;64;x;x
3012;108;144;50;x;x
3013;151;71;93;x;x
3014;120;92;52;x;x
3015;97;155;77;x;x
3016;104;105;98;x;x
3017;120;96;83;x;x
3018;75;172;65;x;x
3019;92;53;82;x;x
3020;73;125;99;x;x
3021;79;62;74;x;x
3022;97;61;57;x;x
3023;94;122;59;x;x
3024;125;166;70;x;x
3025;6;101;114;x;x
3026;92;148;83;x;x
3027;120;150;102;x;x
3028;96;94;82;x;x
3029;20;113;106;x;x
3030;106;142;94;x;x
3031;129;169;98;x;x
3032;88;150;59;x;x
3033;56;74;100;x;x
3034;156;144;102;x;x
3035;100;170;87;x;x
3036;68;60;58;x;x
3037;52;158;96;x;x
3038;169;121;86;x;x
3039;44;22;106;x;x
3040;162;83;70;x;x
3041;122;58;52;x;x
3042;132;120;98;x;x
3043;61;77;54;x;x
3044;161;98;87;x;x
3045;164;70;70;x;x
3046;94;71;92;x;x
3047;174;110;107;x;x
3048;124;85;53;x;x
3049;81;119;72;x;x
3050;87;128;57;x;x
3051;87;159;82;x;x
3052;176;104;70;x;x
3053;56;82;76;x;x
3054;124;168;102;x;x
3055;142;128;84;x;x
3056;77;140;60;x;x
3057;100;109;124;x;x
3058;97;152;99;x;x
3059;93;75;75;x;x
3060;116;108;66;x;x
3061;70;159;70;x;x
3062;72;151;100;x;x
3063;80;108;64;x;x
3064;133;54;64;x;x
3065;102;60;90;x;x
3066;77;152;60;x;x
3067;165;110;96;x;x
3068;114;134;86;x;x
3069;72;160;58;x;x
3070;80;124;59;x;x
3071;94;75;53;x;x
3072;126;112;102;x;x
3073;136;144;68;x;x
3074;64;103;100;x;x
3075;54;132;60;x;x
3076;118;151;66;x;x
3077;158;78;96;x;x
3078;60;124;83;x;x
3079;124;62;54;x;x
3080;132;169;53;x;x
3081;52;126;72;x;x
3082;102;88;56;x;x
3083;90;8;86;x;x
3084;156;63;57;x;x
3085;129;109;103;x;x
3086;151;161;89;x;x
3087;133;116;62;x;x
3088;90;171;61;x;x
3089;90;147;67;x;x
3090;154;107;50;x;x
3091;145;114;97;x;x
3092;80;98;84;x;x
3093;104;83;94;x;x
3094;104;174;64;x;x
3095;126;142;58;x;x
3096;154;121;80;x;x
3097;114;130;66;x;x
3098;140;158;92;x;x
3099;79;168;51;x;x
3100;104;140;102;x;x
3101;163;157;54;x;x
3102;129;150;101;x;x
3103;114;104;84;x;x
3104;156;78;68;x;x
3105;71;106;80;x;x
3106;70;168;70;x;x
3107;146;97;102;x;x
3108;163;173;106;x;x
3109;56;158;64;x;x
3110;62;144;102;x;x
3111;143;145;92;x;x
3112;117;102;102;x;x
3113;83;94;78;x;x
3114;96;172;94;x;x
3115;172;112;73;x;x
3116;72;156;74;x;x
3117;147;108;76;x;x
3118;66;89;88;x;x
3119;62;131;91;x;x
3120;94;148;82;x;x
3121;122;56;126;x;x
3122;169;136;70;x;x
3123;101;98;98;x;x
3124;92;168;72;x;x
3125;119;58;94;x;x
3126;36;114;88;x;x
3127;74;49;92;x;x
3128;143;64;66;x;x
3129;72;115;84;x;x
3130;51;126;66;x;x
3131;146;128;54;x;x
3132;134;76;76;x;x
3133;76;86;94;x;x
3134;112;120;60;x;x
3135;2;84;72;x;x
3136;72;101;54;x;x
3137;51;138;68;x;x
3138;58;62;69;x;x
3139;50;108;106;x;x
3140;50;41;76;x;x
3141;116;80;74;x;x
3142;88;62;61;x;x
3143;71;112;62;x;x
3144;111;130;101;x;x
3145;133;57;51;x;x
3146;120;60;88;x;x
3147;172;92;106;x;x
3148;72;91;94;x;x
3149;94;121;105;x;x
3150;122;88;56;x;x
3151;146;104;78;x;x
3152;80;102;105;x;x
3153;124;89;88;x;x
3154;128;154;108;x;x
3155;78;176;92;x;x
3156;120;112;68;x;x
3157;51;6;88;x;x
3158;108;50;88;x;x
3159;150;116;67;x;x
3160;68;112;80;x;x
3161;158;78;72;x;x
3162;134;50;72;x;x
3163;62;142;50;x;x
3164;132;88;60;x;x
3165;52;70;73;x;x
3166;150;96;101;x;x
3167;104;78;100;x;x
3168;122;147;78;x;x
3169;105;66;60;x;x
3170;2;7;105;x;x
3171;153;151;93;x;x
3172;132;142;61;x;x
3173;70;107;82;x;x
3174;169;105;80;x;x
3175;53;118;56;x;x
3176;132;87;72;x;x
3177;172;137;59;x;x
3178;108;158;64;x;x
3179;126;170;78;x;x
3180;113;119;94;x;x
3181;144;56;83;x;x
3182;130;129;100;x;x
3183;150;124;80;x;x
3184;82;94;56;x;x
3185;172;60;96;x;x
3186;106;118;80;x;x
3187;85;85;58;x;x
3188;131;126;86;x;x
3189;96;144;76;x;x
3190;109;135;84;x;x
3191;66;99;108;x;x
3192;82;86;114;x;x
3193;115;136;102;x;x
3194;170;146;82;x;x
3195;84;162;63;x;x
3196;148;84;68;x;x
3197;76;60;98;x;x
3198;172;132;52;x;x
3199;83;61;96;x;x
3200;174;126;74;x;x
3201;82;46;106;x;x
3202;64;162;98;x;x
3203;68;124;89;x;x
3204;114;128;61;x;x
3205;72;132;76;x;x
3206;84;67;90;x;x
3207;153;94;102;x;x
3208;116;64;90;x;x
3209;138;61;75;x;x
3210;68;146;69;x;x
3211;138;138;94;x;x
3212;48;58;92;x;x
3213;56;118;104;x;x
3214;104;102;102;x;x
3215;68;83;106;x;x
3216;124;90;102;x;x
3217;118;98;71;x;x
3218;51;170;103;x;x
3219;116;66;100;x;x
3220;132;60;54;x;x
3221;156;112;54;x;x
3222;172;126;86;x;x
3223;108;146;81;x;x
3224;158;66;102;x;x
3225;53;150;76;x;x
3226;77;65;95;x;x
3227;127;52;94;x;x
3228;120;144;56;x;x
3229;172;108;69;x;x
3230;103;158;105;x;x
3231;52;88;100;x;x
3232;147;163;58;x;x
3233;142;104;91;x;x
3234;63;124;88;x;x
3235;61;59;70;x;x
3236;162;127;76;x;x
3237;90;82;102;x;x
3238;110;62;89;x;x
3239;105;140;74;x;x
3240;55;166;76;x;x
3241;92;119;68;x;x
3242;138;162;87;x;x
3243;85;91;88;x;x
3244;74;71;76;x;x
3245;104;45;122;x;x
3246;106;160;78;x;x
3247;51;105;52;x;x
3248;59;126;106;x;x
3249;85;122;127;x;x
3250;94;160;67;x;x
3251;104;172;102;x;x
3252;98;116;106;x;x
3253;106;50;86;x;x
3254;155;160;103;x;x
3255;104;70;100;x;x
3256;80;100;54;x;x
3257;95;60;78;x;x
3258;100;132;72;x;x
3259;170;162;52;x;x
3260;78;85;79;x;x
3261;156;84;52;x;x
3262;124;131;63;x;x
3263;54;106;94;x;x
3264;100;92;94;x;x
3265;90;54;74;x;x
3266;171;126;64;x;x
3267;76;88;58;x;x
3268;80;135;70;x;x
3269;134;171;90;x;x
3270;121;107;50;x;x
3271;68;86;105;x;x
3272;148;118;104;x;x
3273;96;129;62;x;x
3274;155;110;50;x;x
3275;68;167;51;x;x
3276;80;78;85;x;x
3277;124;145;58;x;x
3278;118;139;72;x;x
3279;92;142;100;x;x
3280;156;94;100;x;x
3281;69;79;82;x;x
3282;92;96;66;x;x
3283;106;124;78;x;x
3284;58;108;82;x;x
3285;86;13;100;x;x
3286;82;42;84;x;x
3287;104;154;82;x;x
3288;138;142;104;x;x
3289;158;128;64;x;x
3290;170;92;88;x;x
3291;120;58;99;x;x
3292;62;137;82;x;x
3293;60;70;64;x;x
3294;166;168;80;x;x
3295;136;54;65;x;x
3296;102;4;96;x;x
3297;146;117;98;x;x
3298;94;6;94;x;x
3299;164;141;52;x;x
3300;122;3;75;x;x
3301;84;102;65;x;x
3302;20;28;103;x;x
3303;71;51;104;x;x
3304;86;92;81;x;x
3305;140;123;106;x;x
3306;61;98;84;x;x
3307;123;52;98;x;x
3308;73;92;117;x;x
3309;150;174;84;x;x
3310;122;80;82;x;x
3311;162;140;60;x;x
3312;90;94;85;x;x
3313;134;139;102;x;x
3314;121;72;62;x;x
3315;96;57;101;x;x
3316;93;174;62;x;x
3317;74;94;66;x;x
3318;65;63;90;x;x
3319;160;80;83;x;x
3320;159;162;74;x;x
3321;108;172;98;x;x
3322;69;142;81;x;x
3323;138;126;91;x;x
3324;58;92;95;x;x
3325;143;140;78;x;x
3326;75;58;81;x;x
3327;61;77;81;x;x
3328;87;58;100;x;x
3329;152;144;94;x;x
3330;54;58;78;x;x
3331;99;148;84;x;x
3332;102;132;80;x;x
3333;123;111;100;x;x
3334;108;161;83;x;x
3335;76;174;92;x;x
3336;128;86;94;x;x
3337;68;112;60;x;x
3338;166;164;68;x;x
3339;151;101;72;x;x
3340;114;80;76;x;x
3341;114;89;58;x;x
3342;106;38;90;x;x
3343;91;130;84;x;x
3344;127;50;58;x;x
3345;64;114;70;x;x
3346;64;67;58;x;x
3347;168;97;51;x;x
3348;103;71;67;x;x
3349;160;88;88;x;x
3350;84;128;106;x;x
3351;86;118;78;x;x
3352;64;143;62;x;x
3353;128;158;96;x;x
3354;97;138;96;x;x
3355;133;176;86;x;x
3356;122;144;80;x;x
3357;128;65;103;x;x
3358;88;168;88;x;x
3359;55;106;61;x;x
3360;32;120;92;x;x
3361;32;36;81;x;x
3362;60;124;74;x;x
3363;132;156;90;x;x
3364;94;172;99;x;x
3365;152;156;51;x;x
3366;150;168;77;x;x
3367;115;140;90;x;x
3368;142;156;52;x;x
3369;166;174;64;x;x
3370;70;106;65;x;x
3371;158;171;78;x;x
3372;174;122;108;x;x
3373;136;82;59;x;x
3374;54;155;60;x;x
3375;58;61;69;x;x
3376;97;164;80;x;x
3377;150;119;98;x;x
3378;58;98;96;x;x
3379;74;56;83;x;x
3380;116;88;102;x;x
3381;174;158;80;x;x
3382;128;150;107;x;x
3383;129;88;51;x;x
3384;86;116;84;x;x
3385;110;150;59;x;x
3386;54;116;105;x;x
3387;136;50;56;x;x
3388;103;69;81;x;x
3389;146;134;52;x;x
3390;118;101;68;x;x
3391;60;105;66;x;x
3392;144;114;85;x;x
3393;170;53;84;x;x
3394;125;128;58;x;x
3395;75;100;90;x;x
3396;54;152;74;x;x
3397;98;96;92;x;x
3398;2;29;86;x;x
3399;24;9;96;x;x
3400;172;56;103;x;x
3401;90;52;76;x;x
3402;172;124;60;x;x
3403;56;170;96;x;x
3404;106;87;80;x;x
3405;176;98;94;x;x
3406;100;95;63;x;x
3407;118;138;54;x;x
3408;88;128;106;x;x
3409;50;132;92;x;x
3410;92;88;63;x;x
3411;124;120;67;x;x
3412;114;54;105;x;x
3413;151;50;76;x;x
3414;166;78;51;x;x
3415;34;118;116;x;x
3416;56;113;52;x;x
3417;69;58;100;x;x
3418;161;51;72;x;x
3419;72;143;98;x;x
3420;159;151;76;x;x
3421;138;100;66;x;x
3422;2;72;96;x;x
3423;105;165;79;x;x
3424;116;104;86;x;x
3425;108;56;52;x;x
3426;164;151;108;x;x
3427;168;106;87;x;x
3428;32;66;76;x;x
3429;142;136;56;x;x
3430;74;174;102;x;x
3431;146;153;81;x;x
3432;103;152;96;x;x
3433;73;59;112;x;x
3434;57;123;84;x;x
3435;62;92;92;x;x
3436;96;92;68;x;x
3437;168;124;67;x;x
3438;54;92;50;x;x
3439;18;108;119;x;x
3440;120;84;78;x;x
3441;168;64;92;x;x
3442;54;132;51;x;x
3443;60;2;110;x;x
3444;148;156;82;x;x
3445;58;58;58;x;x
3446;52;58;86;x;x
3447;108;132;74;x;x
3448;122;144;53;x;x
3449;92;49;75;x;x
3450;86;8;92;x;x
3451;112;20;114;x;x
3452;134;174;100;x;x
3453;112;74;99;x;x
3454;52;174;97;x;x
3455;85;51;54;x;x
3456;101;131;76;x;x
3457;138;128;104;x;x
3458;77;148;77;x;x
3459;74;92;92;x;x
3460;127;94;103;x;x
3461;88;112;91;x;x
3462;118;60;104;x;x
3463;115;65;88;x;x
3464;120;156;104;x;x
3465;148;123;95;x;x
3466;172;140;76;x;x
3467;151;134;104;x;x
3468;77;114;86;x;x
3469;106;167;61;x;x
3470;158;144;50;x;x
3471;162;136;98;x;x
3472;102;122;96;x;x
3473;109;62;76;x;x
3474;124;114;112;x;x
3475;120;142;64;x;x
3476;84;62;63;x;x
3477;104;108;59;x;x
3478;166;174;66;x;x
3479;148;82;80;x;x
3480;169;104;90;x;x
3481;100;110;101;x;x
3482;148;173;100;x;x
3483;156;106;52;x;x
3484;98;54;72;x;x
3485;132;160;89;x;x
3486;111;90;66;x;x
3487;66;154;67;x;x
3488;96;125;86;x;x
3489;176;68;60;x;x
3490;125;62;90;x;x
3491;106;92;82;x;x
3492;58;136;77;x;x
3493;108;164;82;x;x
3494;142;85;53;x;x
3495;117;72;96;x;x
3496;117;172;100;x;x
3497;124;88;54;x;x
3498;94;126;84;x;x
3499;90;176;63;x;x
3500;158;137;98;x;x
3501;118;168;82;x;x
3502;110;124;94;x;x
3503;149;174;104;x;x
3504;116;84;62;x;x
3505;149;131;102;x;x
3506;151;77;52;x;x
3507;148;130;101;x;x
3508;142;118;72;x;x
3509;116;93;100;x;x
3510;92;119;62;x;x
3511;129;51;101;x;x
3512;114;130;104;x;x
3513;136;141;81;x;x
3514;92;120;82;x;x
3515;76;160;54;x;x
3516;82;94;90;x;x
3517;140;136;106;x;x
3518;28;8;98;x;x
3519;124;74;64;x;x
3520;86;152;72;x;x
3521;148;63;79;x;x
3522;148;63;56;x;x
3523;144;74;52;x;x
3524;78;96;84;x;x
3525;52;153;64;x;x
3526;5;126;110;x;x
3527;158;114;79;x;x
3528;141;158;100;x;x
3529;102;160;74;x;x
3530;60;121;78;x;x
3531;95;162;85;x;x
3532;122;162;67;x;x
3533;72;90;84;x;x
3534;153;128;72;x;x
3535;80;76;105;x;x
3536;64;162;92;x;x
3537;57;171;68;x;x
3538;104;128;86;x;x
3539;109;144;78;x;x
3540;73;45;112;x;x
3541;74;88;60;x;x
3542;35;42;116;x;x
3543;77;94;92;x;x
3544;112;132;78;x;x
3545;154;167;84;x;x
3546;24;6;94;x;x
3547;158;111;54;x;x
3548;64;161;50;x;x
3549;166;84;90;x;x
3550;74;140;52;x;x
3551;80;134;72;x;x
3552;140;100;57;x;x
3553;126;95;64;x;x
3554;54;91;96;x;x
3555;134;104;58;x;x
3556;104;146;56;x;x
3557;150;91;74;x;x
3558;154;88;56;x;x
3559;73;144;86;x;x
3560;68;60;66;x;x
3561;148;152;56;x;x
3562;161;102;57;x;x
3563;108;150;98;x;x
3564;78;159;102;x;x
3565;126;174;56;x;x
3566;127;91;64;x;x
3567;160;109;66;x;x
3568;106;146;91;x;x
3569;116;72;61;x;x
3570;168;87;84;x;x
3571;132;86;74;x;x
3572;104;156;56;x;x
3573;158;96;82;x;x
3574;102;108;62;x;x
3575;56;166;56;x;x
3576;40;36;72;x;x
3577;94;155;102;x;x
3578;106;169;82;x;x
3579;87;156;86;x;x
3580;92;64;54;x;x
3581;109;112;76;x;x
3582;161;82;107;x;x
3583;92;171;74;x;x
3584;98;66;84;x;x
3585;171;68;105;x;x
3586;52;150;56;x;x
3587;55;106;67;x;x
3588;160;166;98;x;x
3589;93;164;66;x;x
3590;89;97;106;x;x
3591;154;144;64;x;x
3592;91;94;88;x;x
3593;146;54;92;x;x
3594;144;161;72;x;x
3595;126;63;106;x;x
3596;172;62;94;x;x
3597;80;63;80;x;x
3598;61;86;88;x;x
3599;56;66;80;x;x
3600;74;79;84;x;x
3601;163;132;72;x;x
3602;137;97;88;x;x
3603;126;99;78;x;x
3604;84;105;57;x;x
3605;69;52;84;x;x
3606;141;131;98;x;x
3607;65;146;100;x;x
3608;129;106;84;x;x
3609;114;159;87;x;x
3610;69;156;82;x;x
3611;126;94;78;x;x
3612;156;162;54;x;x
3613;42;28;107;x;x
3614;54;94;70;x;x
3615;71;98;72;x;x
3616;168;104;84;x;x
3617;106;156;74;x;x
3618;124;102;88;x;x
3619;94;170;66;x;x
3620;64;108;97;x;x
3621;152;112;99;x;x
3622;77;74;68;x;x
3623;172;118;94;x;x
3624;90;118;100;x;x
3625;140;84;92;x;x
3626;146;147;74;x;x
3627;176;166;61;x;x
3628;115;151;60;x;x
3629;66;151;106;x;x
3630;51;74;100;x;x
3631;116;86;65;x;x
3632;97;72;80;x;x
3633;130;172;76;x;x
3634;123;92;94;x;x
3635;106;94;90;x;x
3636;102;102;84;x;x
3637;66;108;78;x;x
3638;114;62;77;x;x
3639;74;162;106;x;x
3640;146;144;94;x;x
3641;104;156;92;x;x
3642;84;158;65;x;x
3643;168;156;53;x;x
3644;63;100;83;x;x
3645;68;167;76;x;x
3646;42;22;76;x;x
3647;92;54;64;x;x
3648;104;149;106;x;x
3649;80;67;121;x;x
3650;62;53;84;x;x
3651;76;84;100;x;x
3652;58;152;66;x;x
3653;124;94;98;x;x
3654;103;131;76;x;x
3655;128;110;54;x;x
3656;74;150;54;x;x
3657;136;128;96;x;x
3658;170;122;102;x;x
3659;166;112;94;x;x
3660;146;66;86;x;x
3661;74;162;98;x;x
3662;68;120;72;x;x
3663;76;88;80;x;x
3664;105;54;94;x;x
3665;84;166;70;x;x
3666;80;118;72;x;x
3667;128;72;107;x;x
3668;148;64;68;x;x
3669;78;174;96;x;x
3670;167;91;97;x;x
3671;116;146;54;x;x
3672;152;76;64;x;x
3673;147;144;58;x;x
3674;94;132;64;x;x
3675;109;136;58;x;x
3676;38;43;82;x;x
3677;134;136;61;x;x
3678;154;99;89;x;x
3679;72;140;62;x;x
3680;8;37;122;x;x
3681;106;150;71;x;x
3682;151;153;107;x;x
3683;166;113;60;x;x
3684;78;82;120;x;x
3685;131;140;100;x;x
3686;140;135;101;x;x
3687;84;89;104;x;x
3688;108;137;62;x;x
3689;109;58;54;x;x
3690;104;176;82;x;x
3691;125;65;68;x;x
3692;166;88;107;x;x
3693;112;137;59;x;x
3694;166;71;70;x;x
3695;124;131;98;x;x
3696;11;114;98;x;x
3697;133;75;106;x;x
3698;66;172;70;x;x
3699;64;124;78;x;x
3700;86;154;67;x;x
3701;82;140;57;x;x
3702;100;72;100;x;x
3703;68;163;78;x;x
3704;164;124;52;x;x
3705;155;92;101;x;x
3706;84;162;93;x;x
3707;60;108;82;x;x
3708;64;30;90;x;x
3709;129;114;92;x;x
3710;68;70;84;x;x
3711;136;126;94;x;x
3712;104;122;74;x;x
3713;168;54;72;x;x
3714;126;158;66;x;x
3715;81;111;76;x;x
3716;106;143;84;x;x
3717;128;170;94;x;x
3718;170;60;90;x;x
3719;113;62;76;x;x
3720;58;54;62;x;x
3721;56;150;74;x;x
3722;72;58;73;x;x
3723;99;132;101;x;x
3724;101;128;84;x;x
3725;54;142;94;x;x
3726;78;162;92;x;x
3727;126;172;76;x;x
3728;174;139;95;x;x
3729;56;74;86;x;x
3730;163;120;53;x;x
3731;156;91;106;x;x
3732;161;60;91;x;x
3733;116;96;97;x;x
3734;67;151;77;x;x
3735;56;86;102;x;x
3736;108;175;90;x;x
3737;89;62;86;x;x
3738;132;154;74;x;x
3739;64;131;90;x;x
3740;156;159;78;x;x
3741;175;52;74;x;x
3742;104;125;102;x;x
3743;26;125;79;x;x
3744;102;66;95;x;x
3745;167;114;70;x;x
3746;152;85;76;x;x
3747;92;42;118;x;x
3748;162;125;89;x;x
3749;122;56;70;x;x
3750;164;78;107;x;x
3751;133;166;74;x;x
3752;117;156;96;x;x
3753;70;170;77;x;x
3754;80;148;105;x;x
3755;66;74;100;x;x
3756;157;62;62;x;x
3757;147;112;73;x;x
3758;65;109;102;x;x
3759;96;94;114;x;x
3760;44;52;106;x;x
3761;86;59;80;x;x
3762;80;90;117;x;x
3763;92;136;102;x;x
3764;122;83;73;x;x
3765;58;137;86;x;x
3766;64;81;84;x;x
3767;73;100;106;x;x
3768;102;76;58;x;x
3769;68;86;104;x;x
3770;70;102;91;x;x
3771;116;164;100;x;x
3772;100;63;94;x;x
3773;70;154;66;x;x
3774;137;60;96;x;x
3775;99;171;64;x;x
3776;162;98;54;x;x
3777;158;174;70;x;x
3778;40;68;112;x;x
3779;116;163;56;x;x
3780;130;119;72;x;x
3781;59;140;94;x;x
3782;158;162;84;x;x
3783;148;118;82;x;x
3784;140;149;67;x;x
3785;80;136;83;x;x
3786;172;150;88;x;x
3787;136;134;92;x;x
3788;93;108;93;x;x
3789;98;126;80;x;x
3790;110;98;76;x;x
3791;132;82;88;x;x
3792;172;102;102;x;x
3793;128;118;60;x;x
3794;129;157;85;x;x
3795;166;67;104;x;x
3796;163;67;72;x;x
3797;102;72;81;x;x
3798;16;11;78;x;x
3799;143;116;86;x;x
3800;166;166;66;x;x
3801;156;87;100;x;x
3802;140;92;100;x;x
3803;90;120;90;x;x
3804;152;70;94;x;x
3805;84;104;64;x;x
3806;65;116;90;x;x
3807;107;120;108;x;x
3808;68;122;68;x;x
3809;50;28;96;x;x
3810;52;164;100;x;x
3811;78;60;80;x;x
3812;164;102;53;x;x
3813;155;76;74;x;x
3814;114;120;72;x;x
3815;82;54;90;x;x
3816;116;64;88;x;x
3817;72;60;58;x;x
3818;106;163;102;x;x
3819;122;112;70;x;x
3820;82;146;51;x;x
3821;66;148;68;x;x
3822;128;132;104;x;x
3823;104;146;106;x;x
3824;104;126;64;x;x
3825;152;131;100;x;x
3826;95;176;97;x;x
3827;68;60;72;x;x
3828;54;92;106;x;x
3829;160;148;89;x;x
3830;110;70;69;x;x
3831;126;60;93;x;x
3832;116;54;98;x;x
3833;96;150;102;x;x
3834;58;116;83;x;x
3835;77;23;98;x;x
3836;142;82;58;x;x
3837;124;70;92;x;x
3838;52;170;98;x;x
3839;70;122;106;x;x
3840;136;87;101;x;x
3841;138;53;106;x;x
3842;166;76;94;x;x
3843;66;48;110;x;x
3844;106;62;67;x;x
3845;86;165;96;x;x
3846;120;63;104;x;x
3847;138;96;85;x;x
3848;84;115;60;x;x
3849;96;80;98;x;x
3850;92;172;84;x;x
3851;83;84;75;x;x
3852;111;124;86;x;x
3853;60;169;71;x;x
3854;54;153;51;x;x
3855;118;86;52;x;x
3856;66;172;58;x;x
3857;92;147;95;x;x
3858;168;126;98;x;x
3859;124;66;84;x;x
3860;171;155;106;x;x
3861;154;80;58;x;x
3862;166;87;72;x;x
3863;144;52;92;x;x
3864;59;160;97;x;x
3865;156;106;71;x;x
3866;172;148;76;x;x
3867;51;73;68;x;x
3868;90;154;87;x;x
3869;113;130;64;x;x
3870;124;108;103;x;x
3871;142;136;67;x;x
3872;74;150;96;x;x
3873;100;78;57;x;x
3874;74;140;61;x;x
3875;80;69;104;x;x
3876;175;119;50;x;x
3877;146;57;70;x;x
3878;74;130;62;x;x
3879;148;156;53;x;x
3880;130;52;74;x;x
3881;151;100;50;x;x
3882;141;74;104;x;x
3883;110;66;56;x;x
3884;53;94;86;x;x
3885;133;156;84;x;x
3886;145;126;78;x;x
3887;82;66;94;x;x
3888;53;66;104;x;x
3889;74;57;54;x;x
3890;70;130;86;x;x
3891;80;123;88;x;x
3892;59;132;55;x;x
3893;124;70;94;x;x
3894;148;152;66;x;x
3895;102;160;64;x;x
3896;142;168;92;x;x
3897;126;136;90;x;x
3898;54;66;74;x;x
3899;150;146;84;x;x
3900;104;54;58;x;x
3901;92;62;102;x;x
3902;167;172;93;x;x
3903;56;128;94;x;x
3904;107;154;62;x;x
3905;126;97;76;x;x
3906;104;160;96;x;x
3907;78;137;100;x;x
3908;123;128;90;x;x
3909;124;120;77;x;x
3910;129;106;52;x;x
3911;156;154;101;x;x
3912;59;172;78;x;x
3913;162;134;92;x;x
3914;114;78;70;x;x
3915;99;52;53;x;x
3916;86;176;66;x;x
3917;124;172;84;x;x
3918;113;158;94;x;x
3919;93;146;66;x;x
3920;118;122;102;x;x
3921;131;102;72;x;x
3922;68;118;84;x;x
3923;101;168;102;x;x
3924;100;117;93;x;x
3925;146;132;70;x;x
3926;96;170;63;x;x
3927;124;93;68;x;x
3928;68;106;70;x;x
3929;90;123;92;x;x
3930;64;154;64;x;x
3931;117;146;86;x;x
3932;92;146;66;x;x
3933;100;154;58;x;x
3934;114;94;94;x;x
3935;104;112;100;x;x
3936;68;162;96;x;x
3937;69;68;100;x;x
3938;175;58;80;x;x
3939;127;122;72;x;x
3940;80;58;96;x;x
3941;57;176;74;x;x
3942;84;80;104;x;x
3943;88;80;51;x;x
3944;76;151;82;x;x
3945;79;89;80;x;x
3946;124;78;79;x;x
3947;66;164;84;x;x
3948;73;73;97;x;x
3949;70;100;98;x;x
3950;166;175;61;x;x
3951;136;86;107;x;x
3952;128;174;58;x;x
3953;94;174;52;x;x
3954;102;146;64;x;x
3955;78;176;52;x;x
3956;126;171;84;x;x
3957;124;166;86;x;x
3958;121;52;82;x;x
3959;60;122;106;x;x
3960;132;120;82;x;x
3961;144;124;72;x;x
3962;57;159;53;x;x
3963;118;105;99;x;x
3964;9;120;99;x;x
3965;98;76;86;x;x
3966;119;128;77;x;x
3967;144;66;100;x;x
3968;172;134;102;x;x
3969;46;78;102;x;x
3970;82;112;96;x;x
3971;130;164;102;x;x
3972;148;154;83;x;x
3973;168;124;62;x;x
3974;108;88;68;x;x
3975;92;173;73;x;x
3976;130;133;64;x;x
3977;138;100;74;x;x
3978;103;66;80;x;x
3979;78;76;86;x;x
3980;159;126;52;x;x
3981;104;90;52;x;x
3982;54;100;58;x;x
3983;64;59;98;x;x
3984;174;74;62;x;x
3985;96;78;70;x;x
3986;57;112;82;x;x
3987;138;123;96;x;x
3988;150;106;74;x;x
3989;134;159;86;x;x
3990;86;130;92;x;x
3991;138;95;53;x;x
3992;142;60;82;x;x
3993;54;112;54;x;x
3994;66;100;84;x;x
3995;164;78;94;x;x
3996;160;140;68;x;x
3997;68;53;98;x;x
3998;164;96;104;x;x
3999;86;82;70;x;x
4000;156;122;53;x;x
4001;2;20;122;x;x
4002;137;58;98;x;x
4003;93;80;82;x;x
4004;100;79;55;x;x
4005;121;160;72;x;x
4006;68;156;69;x;x
4007;117;64;100;x;x
4008;108;160;87;x;x
4009;52;138;82;x;x
4010;90;153;74;x;x
4011;74;80;89;x;x
4012;96;74;106;x;x
4013;136;139;91;x;x
4014;113;52;84;x;x
4015;118;133;86;x;x
4016;136;68;64;x;x
4017;169;88;56;x;x
4018;164;50;51;x;x
4019;115;162;51;x;x
4020;80;104;52;x;x
4021;114;88;62;x;x
4022;161;93;82;x;x
4023;172;76;78;x;x
4024;124;127;84;x;x
4025;113;144;102;x;x
4026;148;110;72;x;x
4027;57;104;80;x;x
4028;154;142;79;x;x
4029;62;84;82;x;x
4030;138;87;89;x;x
4031;92;136;70;x;x
4032;168;96;86;x;x
4033;172;176;91;x;x
4034;143;101;98;x;x
4035;138;142;102;x;x
4036;74;100;84;x;x
4037;155;62;58;x;x
4038;120;74;100;x;x
4039;105;124;50;x;x
4040;174;130;58;x;x
4041;62;162;67;x;x
4042;58;172;82;x;x
4043;53;164;99;x;x
4044;65;58;95;x;x
4045;54;160;82;x;x
4046;90;70;100;x;x
4047;60;94;65;x;x
4048;26;2;123;x;x
4049;96;123;56;x;x
4050;50;66;70;x;x
4051;64;143;55;x;x
4052;110;60;72;x;x
4053;75;136;101;x;x
4054;82;64;56;x;x
4055;65;58;82;x;x
4056;56;112;64;x;x
4057;52;172;57;x;x
4058;77;98;53;x;x
4059;60;50;52;x;x
4060;126;120;58;x;x
4061;66;91;76;x;x
4062;146;74;54;x;x
4063;63;167;100;x;x
4064;112;61;51;x;x
4065;68;94;56;x;x
4066;152;142;51;x;x
4067;98;135;70;x;x
4068;98;91;65;x;x
4069;94;161;75;x;x
4070;150;132;97;x;x
4071;69;58;57;x;x
4072;45;58;126;x;x
4073;120;115;87;x;x
4074;132;137;84;x;x
4075;87;149;66;x;x
4076;152;122;64;x;x
4077;134;97;92;x;x
4078;98;126;72;x;x
4079;70;52;88;x;x
4080;82;109;79;x;x
4081;62;98;68;x;x
4082;76;27;84;x;x
4083;121;164;101;x;x
4084;93;140;87;x;x
4085;176;110;66;x;x
4086;64;88;100;x;x
4087;148;136;92;x;x
4088;116;152;79;x;x
4089;122;138;80;x;x
4090;56;117;92;x;x
4091;66;68;90;x;x
4092;159;100;86;x;x
4093;62;130;103;x;x
4094;125;166;100;x;x
4095;148;69;50;x;x
4096;90;158;56;x;x
4097;81;51;75;x;x
4098;76;152;86;x;x
4099;165;112;85;x;x
4100;127;91;68;x;x
4101;164;106;73;x;x
4102;118;104;54;x;x
4103;52;148;71;x;x
4104;82;158;86;x;x
4105;74;64;76;x;x
4106;172;108;88;x;x
4107;62;149;98;x;x
4108;160;142;61;x;x
4109;15;92;111;x;x
4110;84;172;52;x;x
4111;120;126;62;x;x
4112;106;70;71;x;x
4113;115;152;60;x;x
4114;148;126;77;x;x
4115;108;76;76;x;x
4116;110;78;54;x;x
4117;113;70;72;x;x
4118;164;78;79;x;x
4119;115;141;56;x;x
4120;113;169;77;x;x
4121;52;86;74;x;x
4122;172;85;88;x;x
4123;130;172;52;x;x
4124;76;141;58;x;x
4125;117;128;72;x;x
4126;72;50;54;x;x
4127;154;94;72;x;x
4128;140;64;56;x;x
4129;63;78;64;x;x
4130;77;120;100;x;x
4131;127;78;68;x;x
4132;133;97;102;x;x
4133;110;134;61;x;x
4134;72;128;67;x;x
4135;166;164;52;x;x
4136;62;97;72;x;x
4137;78;158;99;x;x
4138;129;102;84;x;x
4139;116;52;106;x;x
4140;150;104;96;x;x
4141;142;115;86;x;x
4142;101;130;72;x;x
4143;107;63;52;x;x
4144;77;60;75;x;x
4145;64;72;89;x;x
4146;132;170;94;x;x
4147;159;136;90;x;x
4148;167;118;88;x;x
4149;91;130;97;x;x
4150;157;100;93;x;x
4151;78;144;88;x;x
4152;97;16;103;x;x
4153;152;176;72;x;x
4154;111;59;88;x;x
4155;167;136;93;x;x
4156;128;153;72;x;x
4157;138;53;65;x;x
4158;72;64;68;x;x
4159;90;100;91;x;x
4160;20;68;126;x;x
4161;25;12;113;x;x
4162;94;151;88;x;x
4163;156;116;95;x;x
4164;154;139;62;x;x
4165;124;148;95;x;x
4166;70;99;54;x;x
4167;87;109;56;x;x
4168;69;66;58;x;x
4169;160;173;72;x;x
4170;114;97;85;x;x
4171;74;82;100;x;x
4172;36;98;107;x;x
4173;92;94;86;x;x
4174;162;128;98;x;x
4175;106;152;70;x;x
4176;138;138;100;x;x
4177;113;146;100;x;x
4178;72;136;65;x;x
4179;116;172;50;x;x
4180;170;158;88;x;x
4181;113;107;96;x;x
4182;96;132;87;x;x
4183;140;164;102;x;x
4184;174;149;78;x;x
4185;42;18;122;x;x
4186;174;70;98;x;x
4187;72;150;103;x;x
4188;67;98;73;x;x
4189;166;76;70;x;x
4190;143;82;93;x;x
4191;149;64;68;x;x
4192;140;164;77;x;x
4193;52;107;79;x;x
4194;143;132;56;x;x
4195;86;95;80;x;x
4196;142;70;78;x;x
4197;103;110;102;x;x
4198;51;72;51;x;x
4199;134;162;106;x;x
4200;174;71;57;x;x
4201;166;85;80;x;x
4202;118;102;78;x;x
4203;64;110;62;x;x
4204;67;70;70;x;x
4205;136;94;106;x;x
4206;107;132;66;x;x
4207;90;55;82;x;x
4208;150;62;52;x;x
4209;72;142;98;x;x
4210;174;128;82;x;x
4211;125;136;89;x;x
4212;99;104;89;x;x
4213;108;158;78;x;x
4214;146;128;84;x;x
4215;82;74;104;x;x
4216;114;56;64;x;x
4217;79;126;54;x;x
4218;98;145;90;x;x
4219;60;158;78;x;x
4220;162;96;64;x;x
4221;86;161;98;x;x
4222;170;120;75;x;x
4223;36;124;120;x;x
4224;114;54;106;x;x
4225;172;84;91;x;x
4226;143;80;92;x;x
4227;120;104;52;x;x
4228;94;169;62;x;x
4229;174;116;100;x;x
4230;94;154;107;x;x
4231;151;166;67;x;x
4232;159;142;72;x;x
4233;162;128;70;x;x
4234;80;51;84;x;x
4235;36;3;122;x;x
4236;115;27;76;x;x
4237;107;58;58;x;x
4238;94;147;106;x;x
4239;92;68;70;x;x
4240;63;106;82;x;x
4241;156;87;52;x;x
4242;151;92;80;x;x
4243;142;60;94;x;x
4244;70;68;92;x;x
4245;66;82;58;x;x
4246;148;124;101;x;x
4247;146;120;54;x;x
4248;144;50;78;x;x
4249;100;102;104;x;x
4250;66;93;54;x;x
4251;174;120;94;x;x
4252;164;164;92;x;x
4253;96;100;60;x;x
4254;84;115;102;x;x
4255;136;64;52;x;x
4256;41;16;98;x;x
4257;102;85;90;x;x
4258;3;90;94;x;x
4259;151;132;65;x;x
4260;122;94;92;x;x
4261;54;67;60;x;x
4262;63;172;59;x;x
4263;97;159;82;x;x
4264;114;143;72;x;x
4265;174;148;82;x;x
4266;160;130;76;x;x
4267;72;69;69;x;x
4268;80;59;106;x;x
4269;52;156;80;x;x
4270;114;129;56;x;x
4271;173;140;88;x;x
4272;58;130;64;x;x
4273;76;100;106;x;x
4274;75;55;56;x;x
4275;70;172;107;x;x
4276;110;83;89;x;x
4277;56;76;81;x;x
4278;104;146;84;x;x
4279;174;156;51;x;x
4280;59;176;84;x;x
4281;100;173;52;x;x
4282;66;127;94;x;x
4283;104;78;62;x;x
4284;102;123;104;x;x
4285;62;88;56;x;x
4286;152;168;82;x;x
4287;118;41;94;x;x
4288;102;108;81;x;x
4289;158;168;88;x;x
4290;48;62;90;x;x
4291;150;108;70;x;x
4292;94;84;122;x;x
4293;15;43;112;x;x
4294;122;107;84;x;x
4295;88;99;87;x;x
4296;98;76;88;x;x
4297;114;71;89;x;x
4298;100;132;84;x;x
4299;109;154;102;x;x
4300;139;76;94;x;x
4301;158;126;78;x;x
4302;80;79;105;x;x
4303;174;105;86;x;x
4304;74;133;82;x;x
4305;12;116;127;x;x
4306;60;138;75;x;x
4307;161;62;92;x;x
4308;106;82;80;x;x
4309;90;86;105;x;x
4310;107;70;103;x;x
4311;76;121;92;x;x
4312;84;120;62;x;x
4313;40;58;103;x;x
4314;134;115;107;x;x
4315;107;70;78;x;x
4316;78;148;78;x;x
4317;76;161;98;x;x
4318;68;58;98;x;x
4319;90;141;61;x;x
4320;72;164;59;x;x
4321;62;159;80;x;x
4322;139;157;57;x;x
4323;53;9;75;x;x
4324;157;108;65;x;x
4325;124;119;96;x;x
4326;106;71;117;x;x
4327;130;172;86;x;x
4328;154;61;72;x;x
4329;52;151;68;x;x
4330;135;110;56;x;x
4331;98;130;104;x;x
4332;139;124;66;x;x
4333;159;132;90;x;x
4334;120;112;80;x;x
4335;152;60;84;x;x
4336;110;90;68;x;x
4337;96;76;107;x;x
4338;115;146;76;x;x
4339;56;109;102;x;x
4340;111;120;100;x;x
4341;148;176;52;x;x
4342;96;118;64;x;x
4343;68;160;108;x;x
4344;134;126;96;x;x
4345;118;157;62;x;x
4346;116;88;89;x;x
4347;154;125;74;x;x
4348;106;126;64;x;x
4349;132;54;95;x;x
4350;108;146;105;x;x
4351;56;140;64;x;x
4352;74;115;56;x;x
4353;102;100;74;x;x
4354;104;143;104;x;x
4355;120;107;56;x;x
4356;76;90;98;x;x
4357;110;106;86;x;x
4358;147;155;87;x;x
4359;50;159;94;x;x
4360;92;145;80;x;x
4361;91;74;70;x;x
4362;154;90;103;x;x
4363;96;56;68;x;x
4364;82;82;99;x;x
4365;42;12;96;x;x
4366;157;160;102;x;x
4367;108;168;58;x;x
4368;140;152;101;x;x
4369;112;120;56;x;x
4370;133;158;68;x;x
